Betreiber,Anzeigename,Status,Art der Ladeeinrichtung,Anzahl Ladepunkte,Nennleistung [kW],Inbetriebnahmedatum,Straße,Hausnummer,PLZ,Ort,Volladresse,location,Latitude,Longitude
EnBW mobility+ AG und Co.KG,,In Betrieb,Normalladeeinrichtung,2,30.0,28.11.2019,Durlacher Allee,93,76131,Karlsruhe,"Durlacher Allee 93, 76131 Karlsruhe, Deutschland","Durlacher Allee 93, 76131 Karlsruhe, Deutschland",49.005812,8.435755
EnBW mobility+ AG und Co.KG,,In Betrieb,Normalladeeinrichtung,2,30.0,03.12.2019,Rintheimer Querallee,2,76131,Karlsruhe,"Rintheimer Querallee 2, 76131 Karlsruhe, Deutschland","Rintheimer Querallee 2, 76131 Karlsruhe, Deutschland",49.021248,8.431227
EnBW mobility+ AG und Co.KG,,In Betrieb,Schnellladeeinrichtung,2,150.0,01.01.2021,Emmy-Noether-Straße,11,76131,Karlsruhe,"Emmy-Noether-Straße 11, 76131 Karlsruhe, Deutschland","Emmy-Noether-Straße 11, 76131 Karlsruhe, Deutschland",49.020088,8.439821
EnBW mobility+ AG und Co.KG,,In Betrieb,Normalladeeinrichtung,2,30.0,02.12.2020,Englerstr.,12,76131,Karlsruhe,"Englerstr. 12, 76131 Karlsruhe, Deutschland","Englerstr. 12, 76131 Karlsruhe, Deutschland",49.01062,8.41097
EnBW mobility+ AG und Co.KG,,In Betrieb,Normalladeeinrichtung,2,30.0,21.12.2020,Am Sportpark,1,76131,Karlsruhe,"Am Sportpark 1, 76131 Karlsruhe, Deutschland","Am Sportpark 1, 76131 Karlsruhe, Deutschland",49.026353,8.445739
EnBW mobility+ AG und Co.KG,,In Betrieb,Normalladeeinrichtung,2,30.0,20.12.2020,Am Sportpark,1,76131,Karlsruhe,"Am Sportpark 1, 76131 Karlsruhe, Deutschland","Am Sportpark 1, 76131 Karlsruhe, Deutschland",49.027023,8.445317
EnBW mobility+ AG und Co.KG,,In Betrieb,Schnellladeeinrichtung,2,150.0,28.12.2020,Emmy-Noether-Str.,11,76131,Karlsruhe,"Emmy-Noether-Str. 11, 76131 Karlsruhe, Deutschland","Emmy-Noether-Str. 11, 76131 Karlsruhe, Deutschland",49.020119,8.439883
EnBW mobility+ AG und Co.KG,,In Betrieb,Normalladeeinrichtung,2,30.0,10.07.2019,Durlacher Allee,93,76131,Karlsruhe,"Durlacher Allee 93, 76131 Karlsruhe, Deutschland","Durlacher Allee 93, 76131 Karlsruhe, Deutschland",49.005818,8.43571
Fraunhofer-Gesellschaft e. V.,,In Betrieb,Normalladeeinrichtung,1,22.0,21.08.2023,Fraunhoferstraße,1,76131,Karlsruhe,"Fraunhoferstraße 1, 76131 Karlsruhe, Deutschland","Fraunhoferstraße 1, 76131 Karlsruhe, Deutschland",49.014934,8.426976
Fraunhofer-Gesellschaft e. V.,,In Betrieb,Normalladeeinrichtung,1,22.0,21.08.2023,Fraunhoferstraße,1,76131,Karlsruhe,"Fraunhoferstraße 1, 76131 Karlsruhe, Deutschland","Fraunhoferstraße 1, 76131 Karlsruhe, Deutschland",49.014934,8.426976
Fraunhofer-Gesellschaft e. V.,,In Betrieb,Normalladeeinrichtung,1,22.0,21.08.2023,Rintheimer Querallee,2b,76131,Karlsruhe,"Rintheimer Querallee 2b, 76131 Karlsruhe, Deutschland","Rintheimer Querallee 2b, 76131 Karlsruhe, Deutschland",49.022177,8.434037
Fraunhofer-Gesellschaft e. V.,,In Betrieb,Normalladeeinrichtung,1,22.0,21.08.2023,Straße am Forum,5,76131,Karlsruhe,"Straße am Forum 5, 76131 Karlsruhe, Deutschland","Straße am Forum 5, 76131 Karlsruhe, Deutschland",49.012071,8.417861
Fraunhofer-Gesellschaft e. V.,,In Betrieb,Normalladeeinrichtung,1,22.0,21.08.2023,Straße am Forum,5,76131,Karlsruhe,"Straße am Forum 5, 76131 Karlsruhe, Deutschland","Straße am Forum 5, 76131 Karlsruhe, Deutschland",49.012071,8.417861
ALDI SÜD Immobilienverwaltungs-GmbH & Co. oHG,ALDI SÜD,In Betrieb,Schnellladeeinrichtung,3,60.0,20.05.2021,Theodor-Rehbock-Straße,17,76131,Karlsruhe,"Theodor-Rehbock-Straße 17, 76131 Karlsruhe, Deutschland","Theodor-Rehbock-Straße 17, 76131 Karlsruhe, Deutschland",49.009028,8.439528
Fraunhofer-Gesellschaft e. V.,,In Betrieb,Normalladeeinrichtung,1,22.0,15.05.2024,Rintheimer Querallee,2b,76131,Karlsruhe,"Rintheimer Querallee 2b, 76131 Karlsruhe, Deutschland","Rintheimer Querallee 2b, 76131 Karlsruhe, Deutschland",49.022177,8.434037
Parkraumgesellschaft Baden-Württemberg GmbH,,In Betrieb,Normalladeeinrichtung,4,22.0,11.10.2022,Schloßplatz,0,76131,Karlsruhe,"Schloßplatz 0, 76131 Karlsruhe, Deutschland","Schloßplatz 0, 76131 Karlsruhe, Deutschland",49.010945,8.402951
Parkraumgesellschaft Baden-Württemberg GmbH,,In Betrieb,Normalladeeinrichtung,4,22.0,11.10.2022,Schloßplatz,0,76131,Karlsruhe,"Schloßplatz 0, 76131 Karlsruhe, Deutschland","Schloßplatz 0, 76131 Karlsruhe, Deutschland",49.010945,8.402951
Parkraumgesellschaft Baden-Württemberg GmbH,,In Betrieb,Normalladeeinrichtung,2,22.0,11.10.2022,Schloßplatz,0,76131,Karlsruhe,"Schloßplatz 0, 76131 Karlsruhe, Deutschland","Schloßplatz 0, 76131 Karlsruhe, Deutschland",49.010945,8.402951
Parkraumgesellschaft Baden-Württemberg GmbH,,In Betrieb,Normalladeeinrichtung,4,22.0,11.10.2022,Waldhornstraße,0,76131,Karlsruhe,"Waldhornstraße 0, 76131 Karlsruhe, Deutschland","Waldhornstraße 0, 76131 Karlsruhe, Deutschland",49.011406,8.408131
Parkraumgesellschaft Baden-Württemberg GmbH,,In Betrieb,Normalladeeinrichtung,4,22.0,11.10.2022,Waldhornstraße,0,76131,Karlsruhe,"Waldhornstraße 0, 76131 Karlsruhe, Deutschland","Waldhornstraße 0, 76131 Karlsruhe, Deutschland",49.011406,8.408131
Pfalzwerke AG,Pfalzwerke AG,In Betrieb,Schnellladeeinrichtung,2,72.0,14.07.2021,Theodor-Rehbock-Straße,11,76131,Karlsruhe,"Theodor-Rehbock-Straße 11, 76131 Karlsruhe, Deutschland","Theodor-Rehbock-Straße 11, 76131 Karlsruhe, Deutschland",49.009349,8.437793
Parkraumgesellschaft Baden-Württemberg GmbH,,In Betrieb,Normalladeeinrichtung,2,11.0,29.11.2022,Schlossplatz,16,76131,Karlsruhe,"Schlossplatz 16, 76131 Karlsruhe, Deutschland","Schlossplatz 16, 76131 Karlsruhe, Deutschland",49.01088,8.405303
Parkraumgesellschaft Baden-Württemberg GmbH,,In Betrieb,Normalladeeinrichtung,2,11.0,29.11.2022,Schlossplatz,16,76131,Karlsruhe,"Schlossplatz 16, 76131 Karlsruhe, Deutschland","Schlossplatz 16, 76131 Karlsruhe, Deutschland",49.01088,8.405303
Parkraumgesellschaft Baden-Württemberg GmbH,,In Betrieb,Normalladeeinrichtung,2,11.0,29.11.2022,Schlossplatz,16,76131,Karlsruhe,"Schlossplatz 16, 76131 Karlsruhe, Deutschland","Schlossplatz 16, 76131 Karlsruhe, Deutschland",49.01088,8.405303
Parkraumgesellschaft Baden-Württemberg GmbH,,In Betrieb,Normalladeeinrichtung,2,11.0,29.11.2022,Schlossplatz,16,76131,Karlsruhe,"Schlossplatz 16, 76131 Karlsruhe, Deutschland","Schlossplatz 16, 76131 Karlsruhe, Deutschland",49.01088,8.405303
Parkraumgesellschaft Baden-Württemberg GmbH,,In Betrieb,Normalladeeinrichtung,2,11.0,29.11.2022,Schlossplatz,16,76131,Karlsruhe,"Schlossplatz 16, 76131 Karlsruhe, Deutschland","Schlossplatz 16, 76131 Karlsruhe, Deutschland",49.01088,8.405303
Parkraumgesellschaft Baden-Württemberg GmbH,,In Betrieb,Normalladeeinrichtung,2,11.0,29.11.2022,Schlossplatz,16,76131,Karlsruhe,"Schlossplatz 16, 76131 Karlsruhe, Deutschland","Schlossplatz 16, 76131 Karlsruhe, Deutschland",49.01088,8.405303
Parkraumgesellschaft Baden-Württemberg GmbH,,In Betrieb,Normalladeeinrichtung,2,11.0,29.11.2022,Schlossplatz,16,76131,Karlsruhe,"Schlossplatz 16, 76131 Karlsruhe, Deutschland","Schlossplatz 16, 76131 Karlsruhe, Deutschland",49.01088,8.405303
Parkraumgesellschaft Baden-Württemberg GmbH,,In Betrieb,Normalladeeinrichtung,2,11.0,29.11.2022,Schlossplatz,16,76131,Karlsruhe,"Schlossplatz 16, 76131 Karlsruhe, Deutschland","Schlossplatz 16, 76131 Karlsruhe, Deutschland",49.01088,8.405303
Parkraumgesellschaft Baden-Württemberg GmbH,,In Betrieb,Normalladeeinrichtung,2,11.0,29.11.2022,Schlossplatz,16,76131,Karlsruhe,"Schlossplatz 16, 76131 Karlsruhe, Deutschland","Schlossplatz 16, 76131 Karlsruhe, Deutschland",49.01088,8.405303
Parkraumgesellschaft Baden-Württemberg GmbH,,In Betrieb,Normalladeeinrichtung,2,22.0,11.07.2024,Fritz-Haber-Weg,0,76131,Karlsruhe,"Fritz-Haber-Weg 0, 76131 Karlsruhe, Deutschland","Fritz-Haber-Weg 0, 76131 Karlsruhe, Deutschland",49.011981,8.413213
Parkraumgesellschaft Baden-Württemberg GmbH,,In Betrieb,Normalladeeinrichtung,2,22.0,11.03.2024,Gotthard-Franz-Str.,9,76131,Karlsruhe,"Gotthard-Franz-Str. 9, 76131 Karlsruhe, Deutschland","Gotthard-Franz-Str. 9, 76131 Karlsruhe, Deutschland",49.014361,8.420825
Parkraumgesellschaft Baden-Württemberg GmbH,,In Betrieb,Normalladeeinrichtung,2,22.0,11.03.2024,Gotthard-Franz-Str.,9,76131,Karlsruhe,"Gotthard-Franz-Str. 9, 76131 Karlsruhe, Deutschland","Gotthard-Franz-Str. 9, 76131 Karlsruhe, Deutschland",49.014361,8.420825
Parkraumgesellschaft Baden-Württemberg GmbH,,In Betrieb,Normalladeeinrichtung,2,22.0,11.07.2024,Rudolf-Plank-Str.,0,76131,Karlsruhe,"Rudolf-Plank-Str. 0, 76131 Karlsruhe, Deutschland","Rudolf-Plank-Str. 0, 76131 Karlsruhe, Deutschland",49.010771,8.414903
Parkraumgesellschaft Baden-Württemberg GmbH,,In Betrieb,Normalladeeinrichtung,2,22.0,11.07.2024,Rudolf-Plank-Str.,0,76131,Karlsruhe,"Rudolf-Plank-Str. 0, 76131 Karlsruhe, Deutschland","Rudolf-Plank-Str. 0, 76131 Karlsruhe, Deutschland",49.010771,8.414903
Parkraumgesellschaft Baden-Württemberg GmbH,,In Betrieb,Normalladeeinrichtung,2,22.0,11.07.2024,Neuer Zirkel,0,76131,Karlsruhe,"Neuer Zirkel 0, 76131 Karlsruhe, Deutschland","Neuer Zirkel 0, 76131 Karlsruhe, Deutschland",49.011036,8.407017
Parkraumgesellschaft Baden-Württemberg GmbH,,In Betrieb,Normalladeeinrichtung,2,22.0,11.07.2024,Zirkel,0,76131,Karlsruhe,"Zirkel 0, 76131 Karlsruhe, Deutschland","Zirkel 0, 76131 Karlsruhe, Deutschland",49.011036,8.407017
Auto Weiler Gbr,,In Betrieb,Normalladeeinrichtung,1,22.0,17.01.2024,Alter Schlachthof,30,76131,Karlsruhe,"Alter Schlachthof 30, 76131 Karlsruhe, Deutschland","Alter Schlachthof 30, 76131 Karlsruhe, Deutschland",49.004213,8.433014
Auto Weiler Gbr,,In Betrieb,Normalladeeinrichtung,1,22.0,17.01.2024,Alter Schlachthof,30,76131,Karlsruhe,"Alter Schlachthof 30, 76131 Karlsruhe, Deutschland","Alter Schlachthof 30, 76131 Karlsruhe, Deutschland",49.004213,8.433014
Auto Weiler Gbr,,In Betrieb,Normalladeeinrichtung,1,22.0,17.01.2024,Alter Schlachthof,30,76131,Karlsruhe,"Alter Schlachthof 30, 76131 Karlsruhe, Deutschland","Alter Schlachthof 30, 76131 Karlsruhe, Deutschland",49.004213,8.433014
BES- Badische Energie-Servicegesellschaft mbH,BES,In Betrieb,Normalladeeinrichtung,1,11.0,22.09.2017,Haid-und-Neu-Str.,18,76131,Karlsruhe,"Haid-und-Neu-Str. 18, 76131 Karlsruhe, Deutschland","Haid-und-Neu-Str. 18, 76131 Karlsruhe, Deutschland",49.012695,8.427402
Autohaus Werner Beier GmbH,,In Betrieb,Normalladeeinrichtung,4,11.0,14.12.2023,Heinrich-Wittmann-Str.,21,76131,Karlsruhe,"Heinrich-Wittmann-Str. 21, 76131 Karlsruhe, Deutschland","Heinrich-Wittmann-Str. 21, 76131 Karlsruhe, Deutschland",49.009602,8.443479
Lidl Dienstleistung GmbH & Co. KG,Lidl,In Betrieb,Schnellladeeinrichtung,3,71.0,15.11.2024,Theodor-Rehbock-Str.,4,76131,Karlsruhe,"Theodor-Rehbock-Str. 4, 76131 Karlsruhe, Deutschland","Theodor-Rehbock-Str. 4, 76131 Karlsruhe, Deutschland",49.008804,8.437822
Audi Zentrum Karlsruhe GmbH,,In Betrieb,Schnellladeeinrichtung,1,24.0,08.08.2019,Gerwigstraße,83,76131,Karlsruhe,"Gerwigstraße 83, 76131 Karlsruhe, Deutschland","Gerwigstraße 83, 76131 Karlsruhe, Deutschland",49.006383,8.443331
Ladegrün! eG,,In Betrieb,Schnellladeeinrichtung,2,150.0,28.01.2025,Käppelestr.,5,76131,Karlsruhe,"Käppelestr. 5, 76131 Karlsruhe, Deutschland","Käppelestr. 5, 76131 Karlsruhe, Deutschland",49.008064,8.439024
Team-Emobility GmbH,Team-Emobility GmbH,In Betrieb,Normalladeeinrichtung,1,11.0,15.08.2024,Im Vogelsand,6,76131,Karlsruhe,"Im Vogelsand 6, 76131 Karlsruhe, Deutschland","Im Vogelsand 6, 76131 Karlsruhe, Deutschland",49.0227,8.441
Team-Emobility GmbH,Team-Emobility GmbH,In Betrieb,Normalladeeinrichtung,1,11.0,15.08.2024,Im Vogelsand,6,76131,Karlsruhe,"Im Vogelsand 6, 76131 Karlsruhe, Deutschland","Im Vogelsand 6, 76131 Karlsruhe, Deutschland",49.0227,8.441
EnBW mobility+ AG und Co.KG,,In Betrieb,Normalladeeinrichtung,2,30.0,04.11.2020,Stephanienstr.,88,76133,Karlsruhe,"Stephanienstr. 88, 76133 Karlsruhe, Deutschland","Stephanienstr. 88, 76133 Karlsruhe, Deutschland",49.01072,8.3898
EnBW mobility+ AG und Co.KG,,In Betrieb,Normalladeeinrichtung,2,30.0,11.11.2020,Hans-Thoma-Str.,5,76133,Karlsruhe,"Hans-Thoma-Str. 5, 76133 Karlsruhe, Deutschland","Hans-Thoma-Str. 5, 76133 Karlsruhe, Deutschland",49.011866,8.399363
EnBW mobility+ AG und Co.KG,,In Betrieb,Schnellladeeinrichtung,2,150.0,09.12.2021,Moltkestraße,4,76133,Karlsruhe,"Moltkestraße 4, 76133 Karlsruhe, Deutschland","Moltkestraße 4, 76133 Karlsruhe, Deutschland",49.01447,8.39745
EnBW mobility+ AG und Co.KG,,In Betrieb,Normalladeeinrichtung,2,22.0,09.07.2021,Kreuzstraße,13,76133,Karlsruhe,"Kreuzstraße 13, 76133 Karlsruhe, Deutschland","Kreuzstraße 13, 76133 Karlsruhe, Deutschland",49.00675,8.393843
Claus Heinemann Elektroanlagen GmbH,ChargeOne,In Betrieb,Normalladeeinrichtung,4,11.0,31.05.2023,Amalienstraße,33,76133,Karlsruhe,"Amalienstraße 33, 76133 Karlsruhe, Deutschland","Amalienstraße 33, 76133 Karlsruhe, Deutschland",49.00834,8.392918
Claus Heinemann Elektroanlagen GmbH,ChargeOne,In Betrieb,Normalladeeinrichtung,4,11.0,31.05.2023,Amalienstraße,33,76133,Karlsruhe,"Amalienstraße 33, 76133 Karlsruhe, Deutschland","Amalienstraße 33, 76133 Karlsruhe, Deutschland",49.00834,8.392918
Claus Heinemann Elektroanlagen GmbH,ChargeOne,In Betrieb,Normalladeeinrichtung,4,11.0,31.05.2023,Amalienstraße,33,76133,Karlsruhe,"Amalienstraße 33, 76133 Karlsruhe, Deutschland","Amalienstraße 33, 76133 Karlsruhe, Deutschland",49.00834,8.392918
Claus Heinemann Elektroanlagen GmbH,ChargeOne,In Betrieb,Normalladeeinrichtung,4,11.0,31.05.2023,Amalienstraße,33,76133,Karlsruhe,"Amalienstraße 33, 76133 Karlsruhe, Deutschland","Amalienstraße 33, 76133 Karlsruhe, Deutschland",49.00834,8.392918
Claus Heinemann Elektroanlagen GmbH,ChargeOne,In Betrieb,Normalladeeinrichtung,4,11.0,31.05.2023,Amalienstraße,33,76133,Karlsruhe,"Amalienstraße 33, 76133 Karlsruhe, Deutschland","Amalienstraße 33, 76133 Karlsruhe, Deutschland",49.00834,8.392918
Claus Heinemann Elektroanlagen GmbH,ChargeOne,In Betrieb,Normalladeeinrichtung,4,11.0,01.06.2023,Kreuzstraße,13 A,76133,Karlsruhe,"Kreuzstraße 13 A, 76133 Karlsruhe, Deutschland","Kreuzstraße 13 A, 76133 Karlsruhe, Deutschland",49.008275,8.406012
Claus Heinemann Elektroanlagen GmbH,ChargeOne,In Betrieb,Normalladeeinrichtung,4,11.0,01.06.2023,Kreuzstraße,13 A,76133,Karlsruhe,"Kreuzstraße 13 A, 76133 Karlsruhe, Deutschland","Kreuzstraße 13 A, 76133 Karlsruhe, Deutschland",49.008275,8.406012
Claus Heinemann Elektroanlagen GmbH,ChargeOne,In Betrieb,Normalladeeinrichtung,4,11.0,01.06.2023,Kreuzstraße,13 A,76133,Karlsruhe,"Kreuzstraße 13 A, 76133 Karlsruhe, Deutschland","Kreuzstraße 13 A, 76133 Karlsruhe, Deutschland",49.008275,8.406012
Claus Heinemann Elektroanlagen GmbH,ChargeOne,In Betrieb,Normalladeeinrichtung,4,11.0,01.06.2023,Kreuzstraße,13 A,76133,Karlsruhe,"Kreuzstraße 13 A, 76133 Karlsruhe, Deutschland","Kreuzstraße 13 A, 76133 Karlsruhe, Deutschland",49.008275,8.406012
Claus Heinemann Elektroanlagen GmbH,ChargeOne,In Betrieb,Normalladeeinrichtung,4,11.0,01.06.2023,Kreuzstraße,13 A,76133,Karlsruhe,"Kreuzstraße 13 A, 76133 Karlsruhe, Deutschland","Kreuzstraße 13 A, 76133 Karlsruhe, Deutschland",49.008275,8.406012
Claus Heinemann Elektroanlagen GmbH,ChargeOne,In Betrieb,Normalladeeinrichtung,3,11.0,09.11.2023,Friedrichsplatz,1,76133,Karlsruhe,"Friedrichsplatz 1, 76133 Karlsruhe, Deutschland","Friedrichsplatz 1, 76133 Karlsruhe, Deutschland",49.008411,8.400319
Claus Heinemann Elektroanlagen GmbH,ChargeOne,In Betrieb,Normalladeeinrichtung,4,11.0,09.11.2023,Friedrichsplatz,1,76133,Karlsruhe,"Friedrichsplatz 1, 76133 Karlsruhe, Deutschland","Friedrichsplatz 1, 76133 Karlsruhe, Deutschland",49.008411,8.400319
Claus Heinemann Elektroanlagen GmbH,ChargeOne,In Betrieb,Normalladeeinrichtung,4,11.0,09.11.2023,Friedrichsplatz,1,76133,Karlsruhe,"Friedrichsplatz 1, 76133 Karlsruhe, Deutschland","Friedrichsplatz 1, 76133 Karlsruhe, Deutschland",49.008411,8.400319
Claus Heinemann Elektroanlagen GmbH,ChargeOne,In Betrieb,Normalladeeinrichtung,4,11.0,09.11.2023,Friedrichsplatz,1,76133,Karlsruhe,"Friedrichsplatz 1, 76133 Karlsruhe, Deutschland","Friedrichsplatz 1, 76133 Karlsruhe, Deutschland",49.008411,8.400319
Hotel Rio BGmbH,Hotel Rio Karlsruhe,In Betrieb,Normalladeeinrichtung,2,11.0,01.09.2022,Hans-Sachs-Str,2,76133,Karlsruhe,"Hans-Sachs-Str 2, 76133 Karlsruhe, Deutschland","Hans-Sachs-Str 2, 76133 Karlsruhe, Deutschland",49.009551,8.38619
Hotel Rio BGmbH,Hotel Rio Karlsruhe,In Betrieb,Normalladeeinrichtung,2,11.0,01.09.2022,Hans-Sachs-Str,2,76133,Karlsruhe,"Hans-Sachs-Str 2, 76133 Karlsruhe, Deutschland","Hans-Sachs-Str 2, 76133 Karlsruhe, Deutschland",49.009551,8.38619
Hotel Rio BGmbH,Hotel Rio Karlsruhe,In Betrieb,Normalladeeinrichtung,2,11.0,01.09.2022,Hans-Sachs-Str,2,76133,Karlsruhe,"Hans-Sachs-Str 2, 76133 Karlsruhe, Deutschland","Hans-Sachs-Str 2, 76133 Karlsruhe, Deutschland",49.009551,8.38619
Hotel Rio BGmbH,Hotel Rio Karlsruhe,In Betrieb,Normalladeeinrichtung,2,22.0,01.02.2023,Hans-Sachs-Str,2,76133,Karlsruhe,"Hans-Sachs-Str 2, 76133 Karlsruhe, Deutschland","Hans-Sachs-Str 2, 76133 Karlsruhe, Deutschland",49.009551,8.38619
Hotel Rio BGmbH,Hotel Rio Karlsruhe,In Betrieb,Normalladeeinrichtung,2,22.0,01.02.2023,Hans-Sachs-Str,2,76133,Karlsruhe,"Hans-Sachs-Str 2, 76133 Karlsruhe, Deutschland","Hans-Sachs-Str 2, 76133 Karlsruhe, Deutschland",49.009551,8.38619
Hotel Rio BGmbH,Hotel Rio Karlsruhe,In Betrieb,Normalladeeinrichtung,2,22.0,01.02.2023,Hans-Sachs-Str,2,76133,Karlsruhe,"Hans-Sachs-Str 2, 76133 Karlsruhe, Deutschland","Hans-Sachs-Str 2, 76133 Karlsruhe, Deutschland",49.009551,8.38619
LAN1 Hotspots GmbH,LAN1 Hotspots GmbH,In Betrieb,Normalladeeinrichtung,4,44.0,29.03.2023,Bismarckstraße,37-43,76133,Karlsruhe,"Bismarckstraße 37-43, 76133 Karlsruhe, Deutschland","Bismarckstraße 37-43, 76133 Karlsruhe, Deutschland",49.01291,8.39346
Parkraumgesellschaft Baden-Württemberg GmbH,,In Betrieb,Normalladeeinrichtung,2,22.0,05.05.2020,Hoffstr.,10,76133,Karlsruhe,"Hoffstr. 10, 76133 Karlsruhe, Deutschland","Hoffstr. 10, 76133 Karlsruhe, Deutschland",49.013061,8.384854
Parkraumgesellschaft Baden-Württemberg GmbH,,In Betrieb,Normalladeeinrichtung,2,22.0,13.10.2021,Moltkestr.,80,76133,Karlsruhe,"Moltkestr. 80, 76133 Karlsruhe, Deutschland","Moltkestr. 80, 76133 Karlsruhe, Deutschland",49.016434,8.378305
Parkraumgesellschaft Baden-Württemberg GmbH,,In Betrieb,Normalladeeinrichtung,2,22.0,11.07.2024,Reinhold-Frank-Str.,67,76133,Karlsruhe,"Reinhold-Frank-Str. 67, 76133 Karlsruhe, Deutschland","Reinhold-Frank-Str. 67, 76133 Karlsruhe, Deutschland",49.013033,8.387146
Städtisches Klinikum Karlsruhe gGmbH,,In Betrieb,Normalladeeinrichtung,2,22.0,15.12.2021,Knielinger Allee,0,76133,Karlsruhe,"Knielinger Allee 0, 76133 Karlsruhe, Deutschland","Knielinger Allee 0, 76133 Karlsruhe, Deutschland",49.019013,8.374063
Städtisches Klinikum Karlsruhe gGmbH,,In Betrieb,Normalladeeinrichtung,2,22.0,15.12.2021,Knielinger Allee,0,76133,Karlsruhe,"Knielinger Allee 0, 76133 Karlsruhe, Deutschland","Knielinger Allee 0, 76133 Karlsruhe, Deutschland",49.019013,8.374063
Städtisches Klinikum Karlsruhe gGmbH,,In Betrieb,Normalladeeinrichtung,2,22.0,15.12.2021,Knielinger Allee,0,76133,Karlsruhe,"Knielinger Allee 0, 76133 Karlsruhe, Deutschland","Knielinger Allee 0, 76133 Karlsruhe, Deutschland",49.019013,8.374063
Städtisches Klinikum Karlsruhe gGmbH,,In Betrieb,Normalladeeinrichtung,2,22.0,15.12.2021,Knielinger Allee,0,76133,Karlsruhe,"Knielinger Allee 0, 76133 Karlsruhe, Deutschland","Knielinger Allee 0, 76133 Karlsruhe, Deutschland",49.019013,8.374063
Städtisches Klinikum Karlsruhe gGmbH,,In Betrieb,Normalladeeinrichtung,2,22.0,15.12.2021,Knielinger Allee,0,76133,Karlsruhe,"Knielinger Allee 0, 76133 Karlsruhe, Deutschland","Knielinger Allee 0, 76133 Karlsruhe, Deutschland",49.019013,8.374063
Karlsruher Fächer GmbH,Karlsruher Fächer,In Betrieb,Normalladeeinrichtung,1,11.0,26.01.2023,Fritz-Erler-Straße,07. Nov,76133,Karlsruhe,"Fritz-Erler-Straße 07. Nov, 76133 Karlsruhe, Deutschland","Fritz-Erler-Straße 07. Nov, 76133 Karlsruhe, Deutschland",49.00854,8.410457
Karlsruher Fächer GmbH,Karlsruher Fächer,In Betrieb,Normalladeeinrichtung,1,11.0,26.01.2023,Fritz-Erler-Straße,07. Nov,76133,Karlsruhe,"Fritz-Erler-Straße 07. Nov, 76133 Karlsruhe, Deutschland","Fritz-Erler-Straße 07. Nov, 76133 Karlsruhe, Deutschland",49.00853,8.410457
E.ON Drive GmbH,E.ON Drive GmbH,In Betrieb,Normalladeeinrichtung,1,11.0,10.12.2020,Kaiserallee,11,76133,Karlsruhe,"Kaiserallee 11, 76133 Karlsruhe, Deutschland","Kaiserallee 11, 76133 Karlsruhe, Deutschland",49.010444,8.384975
E.ON Drive GmbH,E.ON Drive GmbH,In Betrieb,Normalladeeinrichtung,1,11.0,09.12.2020,Amalienstraße,0,76133,Karlsruhe,"Amalienstraße 0, 76133 Karlsruhe, Deutschland","Amalienstraße 0, 76133 Karlsruhe, Deutschland",49.008328,8.393834
E.ON Drive GmbH,E.ON Drive GmbH,In Betrieb,Normalladeeinrichtung,1,11.0,09.12.2020,Amalienstraße,0,76133,Karlsruhe,"Amalienstraße 0, 76133 Karlsruhe, Deutschland","Amalienstraße 0, 76133 Karlsruhe, Deutschland",49.008328,8.393834
Parkraumgesellschaft Baden-Württemberg GmbH,,In Betrieb,Normalladeeinrichtung,2,22.0,05.12.2024,Erzbergerstr.,117,76133,Karlsruhe,"Erzbergerstr. 117, 76133 Karlsruhe, Deutschland","Erzbergerstr. 117, 76133 Karlsruhe, Deutschland",49.025464,8.385467
Parkraumgesellschaft Baden-Württemberg GmbH,,In Betrieb,Normalladeeinrichtung,2,22.0,26.06.2024,Moltkestr.,30,76133,Karlsruhe,"Moltkestr. 30, 76133 Karlsruhe, Deutschland","Moltkestr. 30, 76133 Karlsruhe, Deutschland",49.015272,8.392258
EnBW mobility+ AG und Co.KG,,In Betrieb,Normalladeeinrichtung,2,30.0,02.11.2020,Hermann-Veit-Str.,6,76135,Karlsruhe,"Hermann-Veit-Str. 6, 76135 Karlsruhe, Deutschland","Hermann-Veit-Str. 6, 76135 Karlsruhe, Deutschland",48.99707,8.3783
EnBW mobility+ AG und Co.KG,,In Betrieb,Normalladeeinrichtung,2,30.0,10.03.2022,Lorenzstraße,21,76135,Karlsruhe,"Lorenzstraße 21, 76135 Karlsruhe, Deutschland","Lorenzstraße 21, 76135 Karlsruhe, Deutschland",49.00106,8.38377
ALDI SÜD Immobilienverwaltungs-GmbH & Co. oHG,ALDI SÜD,In Betrieb,Schnellladeeinrichtung,3,100.0,27.01.2022,Hohenzollernstraße,69,76135,Karlsruhe,"Hohenzollernstraße 69, 76135 Karlsruhe, Deutschland","Hohenzollernstraße 69, 76135 Karlsruhe, Deutschland",48.993889,8.385222
Allego GmbH,Allego,In Betrieb,Schnellladeeinrichtung,2,150.0,31.01.2024,Windeckstr.,9,76135,Karlsruhe,"Windeckstr. 9, 76135 Karlsruhe, Deutschland","Windeckstr. 9, 76135 Karlsruhe, Deutschland",48.989953,8.371551
MINT GmbH,,In Betrieb,Normalladeeinrichtung,2,11.0,06.07.2022,Gebrüder-Bachert-Straße,7,76135,Karlsruhe,"Gebrüder-Bachert-Straße 7, 76135 Karlsruhe, Deutschland","Gebrüder-Bachert-Straße 7, 76135 Karlsruhe, Deutschland",48.982097,8.376724
Karlsruher Fächer GmbH,Karlsruher Fächer,In Betrieb,Normalladeeinrichtung,1,11.0,03.03.2023,Südendstraße,44,76135,Karlsruhe,"Südendstraße 44, 76135 Karlsruhe, Deutschland","Südendstraße 44, 76135 Karlsruhe, Deutschland",49.000215,8.384
Parkraumgesellschaft Baden-Württemberg GmbH,,In Betrieb,Normalladeeinrichtung,2,44.0,10.07.2024,Steinhäuserstr.,11,76135,Karlsruhe,"Steinhäuserstr. 11, 76135 Karlsruhe, Deutschland","Steinhäuserstr. 11, 76135 Karlsruhe, Deutschland",49.002448,8.382458
EnBW mobility+ AG und Co.KG,,In Betrieb,Schnellladeeinrichtung,2,150.0,30.11.2020,Durlacher Allee,111,76137,Karlsruhe,"Durlacher Allee 111, 76137 Karlsruhe, Deutschland","Durlacher Allee 111, 76137 Karlsruhe, Deutschland",49.003795,8.447353
EnBW mobility+ AG und Co.KG,,In Betrieb,Schnellladeeinrichtung,2,150.0,30.11.2020,Durlacher Allee,111,76137,Karlsruhe,"Durlacher Allee 111, 76137 Karlsruhe, Deutschland","Durlacher Allee 111, 76137 Karlsruhe, Deutschland",49.003795,8.447353
EnBW mobility+ AG und Co.KG,,In Betrieb,Schnellladeeinrichtung,2,300.0,30.11.2020,Durlacher Allee,111,76137,Karlsruhe,"Durlacher Allee 111, 76137 Karlsruhe, Deutschland","Durlacher Allee 111, 76137 Karlsruhe, Deutschland",49.003795,8.447353
EnBW mobility+ AG und Co.KG,,In Betrieb,Schnellladeeinrichtung,2,300.0,30.11.2020,Durlacher Allee,111,76137,Karlsruhe,"Durlacher Allee 111, 76137 Karlsruhe, Deutschland","Durlacher Allee 111, 76137 Karlsruhe, Deutschland",49.003795,8.447353
EnBW mobility+ AG und Co.KG,,In Betrieb,Normalladeeinrichtung,2,30.0,06.11.2020,Bahnhofstr.,50,76137,Karlsruhe,"Bahnhofstr. 50, 76137 Karlsruhe, Deutschland","Bahnhofstr. 50, 76137 Karlsruhe, Deutschland",48.995,8.3998
EnBW mobility+ AG und Co.KG,,In Betrieb,Normalladeeinrichtung,2,22.0,09.07.2021,Luisenstraße,6,76137,Karlsruhe,"Luisenstraße 6, 76137 Karlsruhe, Deutschland","Luisenstraße 6, 76137 Karlsruhe, Deutschland",49.000738,8.405618
Claus Heinemann Elektroanlagen GmbH,ChargeOne,In Betrieb,Normalladeeinrichtung,4,11.0,09.06.2023,Luisenstraße,2F,76137,Karlsruhe,"Luisenstraße 2F, 76137 Karlsruhe, Deutschland","Luisenstraße 2F, 76137 Karlsruhe, Deutschland",49.000645,8.404824
Claus Heinemann Elektroanlagen GmbH,ChargeOne,In Betrieb,Normalladeeinrichtung,4,11.0,09.06.2023,Luisenstraße,2F,76137,Karlsruhe,"Luisenstraße 2F, 76137 Karlsruhe, Deutschland","Luisenstraße 2F, 76137 Karlsruhe, Deutschland",49.000645,8.404824
Claus Heinemann Elektroanlagen GmbH,ChargeOne,In Betrieb,Normalladeeinrichtung,2,11.0,09.06.2023,Luisenstraße,2F,76137,Karlsruhe,"Luisenstraße 2F, 76137 Karlsruhe, Deutschland","Luisenstraße 2F, 76137 Karlsruhe, Deutschland",49.000645,8.404824
Claus Heinemann Elektroanlagen GmbH,ChargeOne,In Betrieb,Normalladeeinrichtung,1,11.0,14.12.2023,Schwarzwaldstr.,92,76137,Karlsruhe,"Schwarzwaldstr. 92, 76137 Karlsruhe, Deutschland","Schwarzwaldstr. 92, 76137 Karlsruhe, Deutschland",48.991778,8.403143
Claus Heinemann Elektroanlagen GmbH,ChargeOne,In Betrieb,Normalladeeinrichtung,2,11.0,14.12.2023,Schwarzwaldstrasse,92,76137,Karlsruhe,"Schwarzwaldstrasse 92, 76137 Karlsruhe, Deutschland","Schwarzwaldstrasse 92, 76137 Karlsruhe, Deutschland",48.991778,8.403143
Parkraumgesellschaft Baden-Württemberg GmbH,,In Betrieb,Normalladeeinrichtung,2,22.0,12.10.2022,Baumeisterstraße,9,76137,Karlsruhe,"Baumeisterstraße 9, 76137 Karlsruhe, Deutschland","Baumeisterstraße 9, 76137 Karlsruhe, Deutschland",49.004873,8.403181
Karlsruher Fächer GmbH,Karlsruher Fächer,In Betrieb,Normalladeeinrichtung,1,11.0,03.03.2023,Hinterm Hauptbahnhof/Bahnhofplatz,1,76137,Karlsruhe,"Hinterm Hauptbahnhof/Bahnhofplatz 1, 76137 Karlsruhe, Deutschland","Hinterm Hauptbahnhof/Bahnhofplatz 1, 76137 Karlsruhe, Deutschland",48.99334,8.402868
Karlsruher Fächer GmbH,Karlsruher Fächer,In Betrieb,Normalladeeinrichtung,1,10.4,14.08.2023,Fautenbruchstraße,53,76137,Karlsruhe,"Fautenbruchstraße 53, 76137 Karlsruhe, Deutschland","Fautenbruchstraße 53, 76137 Karlsruhe, Deutschland",48.99278,8.40655
Karlsruher Fächer GmbH,Karlsruher Fächer,In Betrieb,Normalladeeinrichtung,1,10.4,14.08.2023,Fautenbruchstraße,53,76137,Karlsruhe,"Fautenbruchstraße 53, 76137 Karlsruhe, Deutschland","Fautenbruchstraße 53, 76137 Karlsruhe, Deutschland",48.992785,8.406567
Karlsruher Fächer GmbH,Karlsruher Fächer,In Betrieb,Normalladeeinrichtung,1,10.4,14.08.2023,Fautenbruchstraße,53,76137,Karlsruhe,"Fautenbruchstraße 53, 76137 Karlsruhe, Deutschland","Fautenbruchstraße 53, 76137 Karlsruhe, Deutschland",48.99277,8.406525
Karlsruher Fächer GmbH,Karlsruher Fächer,In Betrieb,Normalladeeinrichtung,1,10.4,14.08.2023,Fautenbruchstraße,53,76137,Karlsruhe,"Fautenbruchstraße 53, 76137 Karlsruhe, Deutschland","Fautenbruchstraße 53, 76137 Karlsruhe, Deutschland",48.992766,8.40651
EFA Tankstellenbetriebe und Mineralölhandel GmbH,,In Betrieb,Schnellladeeinrichtung,3,200.0,21.12.2017,Wolfartsweierer Str.,46,76137,Karlsruhe,"Wolfartsweierer Str. 46, 76137 Karlsruhe, Deutschland","Wolfartsweierer Str. 46, 76137 Karlsruhe, Deutschland",48.999581,8.428024
Wirelane GmbH,Wirelane GmbH,In Betrieb,Normalladeeinrichtung,2,22.0,15.11.2024,Ettlinger Straße,23,76137,Karlsruhe,"Ettlinger Straße 23, 76137 Karlsruhe, Deutschland","Ettlinger Straße 23, 76137 Karlsruhe, Deutschland",49.00018,8.403739
Tesla Germany GmbH,,In Betrieb,Schnellladeeinrichtung,1,250.0,20.03.2023,Wolfartsweierer Str.,48,76137,Karlsruhe,"Wolfartsweierer Str. 48, 76137 Karlsruhe, Deutschland","Wolfartsweierer Str. 48, 76137 Karlsruhe, Deutschland",48.999043,8.428747
Tesla Germany GmbH,,In Betrieb,Schnellladeeinrichtung,1,250.0,20.03.2023,Wolfartsweierer Str.,48,76137,Karlsruhe,"Wolfartsweierer Str. 48, 76137 Karlsruhe, Deutschland","Wolfartsweierer Str. 48, 76137 Karlsruhe, Deutschland",48.999043,8.428747
Tesla Germany GmbH,,In Betrieb,Schnellladeeinrichtung,1,250.0,20.03.2023,Wolfartsweierer Str.,48,76137,Karlsruhe,"Wolfartsweierer Str. 48, 76137 Karlsruhe, Deutschland","Wolfartsweierer Str. 48, 76137 Karlsruhe, Deutschland",48.999043,8.428747
Tesla Germany GmbH,,In Betrieb,Schnellladeeinrichtung,1,250.0,20.03.2023,Wolfartsweierer Str.,48,76137,Karlsruhe,"Wolfartsweierer Str. 48, 76137 Karlsruhe, Deutschland","Wolfartsweierer Str. 48, 76137 Karlsruhe, Deutschland",48.999043,8.428747
Tesla Germany GmbH,,In Betrieb,Schnellladeeinrichtung,1,250.0,20.03.2023,Wolfartsweierer Str.,48,76137,Karlsruhe,"Wolfartsweierer Str. 48, 76137 Karlsruhe, Deutschland","Wolfartsweierer Str. 48, 76137 Karlsruhe, Deutschland",48.999043,8.428747
Tesla Germany GmbH,,In Betrieb,Schnellladeeinrichtung,1,250.0,20.03.2023,Wolfartsweierer Str.,48,76137,Karlsruhe,"Wolfartsweierer Str. 48, 76137 Karlsruhe, Deutschland","Wolfartsweierer Str. 48, 76137 Karlsruhe, Deutschland",48.999043,8.428747
Tesla Germany GmbH,,In Betrieb,Schnellladeeinrichtung,1,250.0,20.03.2023,Wolfartsweierer Str.,48,76137,Karlsruhe,"Wolfartsweierer Str. 48, 76137 Karlsruhe, Deutschland","Wolfartsweierer Str. 48, 76137 Karlsruhe, Deutschland",48.999043,8.428747
Tesla Germany GmbH,,In Betrieb,Schnellladeeinrichtung,1,250.0,20.03.2023,Wolfartsweierer Str.,48,76137,Karlsruhe,"Wolfartsweierer Str. 48, 76137 Karlsruhe, Deutschland","Wolfartsweierer Str. 48, 76137 Karlsruhe, Deutschland",48.999043,8.428747
Tesla Germany GmbH,,In Betrieb,Schnellladeeinrichtung,1,250.0,20.03.2023,Wolfartsweierer Str.,48,76137,Karlsruhe,"Wolfartsweierer Str. 48, 76137 Karlsruhe, Deutschland","Wolfartsweierer Str. 48, 76137 Karlsruhe, Deutschland",48.999043,8.428747
Tesla Germany GmbH,,In Betrieb,Schnellladeeinrichtung,1,250.0,20.03.2023,Wolfartsweierer Str.,48,76137,Karlsruhe,"Wolfartsweierer Str. 48, 76137 Karlsruhe, Deutschland","Wolfartsweierer Str. 48, 76137 Karlsruhe, Deutschland",48.999043,8.428747
Tesla Germany GmbH,,In Betrieb,Schnellladeeinrichtung,1,250.0,20.03.2023,Wolfartsweierer Str.,48,76137,Karlsruhe,"Wolfartsweierer Str. 48, 76137 Karlsruhe, Deutschland","Wolfartsweierer Str. 48, 76137 Karlsruhe, Deutschland",48.999043,8.428747
Parkraumgesellschaft Baden-Württemberg GmbH,,In Betrieb,Normalladeeinrichtung,2,22.0,21.11.2024,Ritterstr.,20,76137,Karlsruhe,"Ritterstr. 20, 76137 Karlsruhe, Deutschland","Ritterstr. 20, 76137 Karlsruhe, Deutschland",49.007315,8.399355
Claus Heinemann Elektroanlagen GmbH,ChargeOne,In Betrieb,Normalladeeinrichtung,1,11.0,14.12.2023,Schwarzwaldstr.,92,76137,Karlsruhe,"Schwarzwaldstr. 92, 76137 Karlsruhe, Deutschland","Schwarzwaldstr. 92, 76137 Karlsruhe, Deutschland",48.991778,8.403143
Claus Heinemann Elektroanlagen GmbH,ChargeOne,In Betrieb,Normalladeeinrichtung,1,11.0,14.12.2023,Schwarzwaldstr.,92,76137,Karlsruhe,"Schwarzwaldstr. 92, 76137 Karlsruhe, Deutschland","Schwarzwaldstr. 92, 76137 Karlsruhe, Deutschland",48.991778,8.403143
Claus Heinemann Elektroanlagen GmbH,ChargeOne,In Betrieb,Normalladeeinrichtung,1,11.0,14.12.2023,Schwarzwaldstr.,92,76137,Karlsruhe,"Schwarzwaldstr. 92, 76137 Karlsruhe, Deutschland","Schwarzwaldstr. 92, 76137 Karlsruhe, Deutschland",48.991778,8.403143
EnBW mobility+ AG und Co.KG,,In Betrieb,Schnellladeeinrichtung,2,300.0,02.12.2025,Durlacher Allee,111,76137,Karlsruhe,"Durlacher Allee 111, 76137 Karlsruhe, Deutschland","Durlacher Allee 111, 76137 Karlsruhe, Deutschland",49.003795,8.447353
EnBW mobility+ AG und Co.KG,,In Betrieb,Schnellladeeinrichtung,2,400.0,17.12.2025,Hinterm Hauptbahnhof,5,76137,Karlsruhe,"Hinterm Hauptbahnhof 5, 76137 Karlsruhe, Deutschland","Hinterm Hauptbahnhof 5, 76137 Karlsruhe, Deutschland",48.992237,8.403035
EnBW mobility+ AG und Co.KG,,In Betrieb,Schnellladeeinrichtung,2,400.0,17.12.2025,Hinterm Hauptbahnhof,5,76137,Karlsruhe,"Hinterm Hauptbahnhof 5, 76137 Karlsruhe, Deutschland","Hinterm Hauptbahnhof 5, 76137 Karlsruhe, Deutschland",48.992237,8.403035
EnBW mobility+ AG und Co.KG,,In Betrieb,Schnellladeeinrichtung,2,400.0,17.12.2025,Hinterm Hauptbahnhof,5,76137,Karlsruhe,"Hinterm Hauptbahnhof 5, 76137 Karlsruhe, Deutschland","Hinterm Hauptbahnhof 5, 76137 Karlsruhe, Deutschland",48.992237,8.403035
EnBW mobility+ AG und Co.KG,,In Betrieb,Schnellladeeinrichtung,2,400.0,17.12.2025,Hinterm Hauptbahnhof,5,76137,Karlsruhe,"Hinterm Hauptbahnhof 5, 76137 Karlsruhe, Deutschland","Hinterm Hauptbahnhof 5, 76137 Karlsruhe, Deutschland",48.992237,8.403035
EnBW mobility+ AG und Co.KG,,In Betrieb,Normalladeeinrichtung,2,30.0,01.12.2020,Pfizerstr.,1,76139,Karlsruhe,"Pfizerstr. 1, 76139 Karlsruhe, Deutschland","Pfizerstr. 1, 76139 Karlsruhe, Deutschland",49.024222,8.456114
Fraunhofer-Gesellschaft e. V.,,In Betrieb,Normalladeeinrichtung,2,22.0,02.09.2022,Breslauer Straße,48,76139,Karlsruhe,"Breslauer Straße 48, 76139 Karlsruhe, Deutschland","Breslauer Straße 48, 76139 Karlsruhe, Deutschland",49.028191,8.441557
Fraunhofer-Gesellschaft e. V.,,In Betrieb,Normalladeeinrichtung,2,22.0,02.09.2022,Breslauer Straße,48,76139,Karlsruhe,"Breslauer Straße 48, 76139 Karlsruhe, Deutschland","Breslauer Straße 48, 76139 Karlsruhe, Deutschland",49.028191,8.441557
Pfalzwerke AG,Pfalzwerke AG,In Betrieb,Schnellladeeinrichtung,2,93.0,13.11.2019,Am Storrenacker,6,76139,Karlsruhe,"Am Storrenacker 6, 76139 Karlsruhe, Deutschland","Am Storrenacker 6, 76139 Karlsruhe, Deutschland",49.018682,8.460751
Pfalzwerke AG,Pfalzwerke AG,In Betrieb,Normalladeeinrichtung,2,44.0,13.11.2019,Am Storrenacker,6,76139,Karlsruhe,"Am Storrenacker 6, 76139 Karlsruhe, Deutschland","Am Storrenacker 6, 76139 Karlsruhe, Deutschland",49.018682,8.460751
S&G Automobil AG,,In Betrieb,Normalladeeinrichtung,2,22.0,12.04.2021,Am Storrenacker,1,76139,Karlsruhe,"Am Storrenacker 1, 76139 Karlsruhe, Deutschland","Am Storrenacker 1, 76139 Karlsruhe, Deutschland",49.019266,8.463183
S&G Automobil AG,,In Betrieb,Normalladeeinrichtung,2,22.0,12.04.2021,Am Storrenacker,1,76139,Karlsruhe,"Am Storrenacker 1, 76139 Karlsruhe, Deutschland","Am Storrenacker 1, 76139 Karlsruhe, Deutschland",49.019542,8.462964
Pfalzwerke AG,Pfalzwerke AG,In Betrieb,Schnellladeeinrichtung,2,50.0,15.05.2025,Am Storrenacker,6,76139,Karlsruhe,"Am Storrenacker 6, 76139 Karlsruhe, Deutschland","Am Storrenacker 6, 76139 Karlsruhe, Deutschland",49.019578,8.460025
Pfalzwerke AG,Pfalzwerke AG,In Betrieb,Schnellladeeinrichtung,2,320.0,15.05.2025,Am Storrenacker,6,76139,Karlsruhe,"Am Storrenacker 6, 76139 Karlsruhe, Deutschland","Am Storrenacker 6, 76139 Karlsruhe, Deutschland",49.019519,8.460024
Pfalzwerke AG,Pfalzwerke AG,In Betrieb,Schnellladeeinrichtung,2,320.0,15.05.2025,Am Storrenacker,6,76139,Karlsruhe,"Am Storrenacker 6, 76139 Karlsruhe, Deutschland","Am Storrenacker 6, 76139 Karlsruhe, Deutschland",49.019535,8.45998
ALDI SÜD Immobilienverwaltungs-GmbH & Co. oHG,ALDI SÜD,In Betrieb,Schnellladeeinrichtung,3,150.0,20.05.2021,Lorbeerweg,3,76149,Karlsruhe,"Lorbeerweg 3, 76149 Karlsruhe, Deutschland","Lorbeerweg 3, 76149 Karlsruhe, Deutschland",49.037333,8.391694
Pfalzwerke AG,Pfalzwerke AG,In Betrieb,Schnellladeeinrichtung,3,125.0,09.09.2020,Hermann-Höpker-Aschoff-Straße,0,76149,Karlsruhe,"Hermann-Höpker-Aschoff-Straße 0, 76149 Karlsruhe, Deutschland","Hermann-Höpker-Aschoff-Straße 0, 76149 Karlsruhe, Deutschland",49.053527,8.392971
Frank Hetzel,,In Betrieb,Normalladeeinrichtung,1,11.0,21.09.2022,Zehntwaldstraße,32,76149,Karlsruhe,"Zehntwaldstraße 32, 76149 Karlsruhe, Deutschland","Zehntwaldstraße 32, 76149 Karlsruhe, Deutschland",49.047256,8.398597
Autohaus Finger GmbH,,In Betrieb,Normalladeeinrichtung,2,33.0,13.12.2021,Donauschwabenstraße,40,76149,Karlsruhe,"Donauschwabenstraße 40, 76149 Karlsruhe, Deutschland","Donauschwabenstraße 40, 76149 Karlsruhe, Deutschland",49.052892,8.396011
Stadtwerke Rastatt Service GmbH,,In Betrieb,Normalladeeinrichtung,2,44.0,18.10.2024,Ohiostr.,15,76149,Karlsruhe,"Ohiostr. 15, 76149 Karlsruhe, Deutschland","Ohiostr. 15, 76149 Karlsruhe, Deutschland",49.032626,8.393573
Stadtwerke Rastatt Service GmbH,,In Betrieb,Normalladeeinrichtung,1,22.0,18.10.2024,Ohiostr.,15,76149,Karlsruhe,"Ohiostr. 15, 76149 Karlsruhe, Deutschland","Ohiostr. 15, 76149 Karlsruhe, Deutschland",49.032626,8.393573
ALDI SÜD Immobilienverwaltungs-GmbH & Co. oHG,ALDI SÜD,In Betrieb,Schnellladeeinrichtung,2,150.0,19.08.2025,Lorbeerweg,1,76149,Karlsruhe,"Lorbeerweg 1, 76149 Karlsruhe, Deutschland","Lorbeerweg 1, 76149 Karlsruhe, Deutschland",49.037397,8.391819
ALDI SÜD Immobilienverwaltungs-GmbH & Co. oHG,ALDI SÜD,In Betrieb,Schnellladeeinrichtung,2,150.0,19.08.2025,Lorbeerweg,1,76149,Karlsruhe,"Lorbeerweg 1, 76149 Karlsruhe, Deutschland","Lorbeerweg 1, 76149 Karlsruhe, Deutschland",49.037485,8.391819
Lidl Dienstleistung GmbH & Co. KG,Lidl,In Betrieb,Schnellladeeinrichtung,3,75.0,25.06.2020,An der Trift,2,76149,Karlsruhe-Neureut,"An der Trift 2, 76149 Karlsruhe-Neureut, Deutschland","An der Trift 2, 76149 Karlsruhe-Neureut, Deutschland",49.04445,8.394077
EnBW mobility+ AG und Co.KG,,In Betrieb,Normalladeeinrichtung,2,30.0,12.11.2020,Daxlander Str.,72,76185,Karlsruhe,"Daxlander Str. 72, 76185 Karlsruhe, Deutschland","Daxlander Str. 72, 76185 Karlsruhe, Deutschland",49.0089,8.34405
EnBW mobility+ AG und Co.KG,,In Betrieb,Normalladeeinrichtung,2,30.0,12.11.2020,Yorckstr.,19,76185,Karlsruhe,"Yorckstr. 19, 76185 Karlsruhe, Deutschland","Yorckstr. 19, 76185 Karlsruhe, Deutschland",49.00932,8.37387
EnBW mobility+ AG und Co.KG,,In Betrieb,Schnellladeeinrichtung,2,150.0,16.05.2023,Neureuter Straße,4,76185,Karlsruhe,"Neureuter Straße 4, 76185 Karlsruhe, Deutschland","Neureuter Straße 4, 76185 Karlsruhe, Deutschland",49.01723,8.3546
EnBW mobility+ AG und Co.KG,,In Betrieb,Schnellladeeinrichtung,2,300.0,16.05.2023,Neureuter Straße,4,76185,Karlsruhe,"Neureuter Straße 4, 76185 Karlsruhe, Deutschland","Neureuter Straße 4, 76185 Karlsruhe, Deutschland",49.01723,8.3546
ALDI SÜD Immobilienverwaltungs-GmbH & Co. oHG,ALDI SÜD,In Betrieb,Schnellladeeinrichtung,3,150.0,14.06.2021,Borsigstraße,11,76185,Karlsruhe,"Borsigstraße 11, 76185 Karlsruhe, Deutschland","Borsigstraße 11, 76185 Karlsruhe, Deutschland",49.021028,8.355139
OSP Ollisa Solar Power GmbH,,In Betrieb,Normalladeeinrichtung,2,22.0,01.01.2022,Carl-Metz-Straße,7,76185,Karlsruhe,"Carl-Metz-Straße 7, 76185 Karlsruhe, Deutschland","Carl-Metz-Straße 7, 76185 Karlsruhe, Deutschland",49.009647,8.351906
OSP Ollisa Solar Power GmbH,,In Betrieb,Normalladeeinrichtung,2,22.0,01.01.2022,Carl-Metz-Straße,7,76185,Karlsruhe,"Carl-Metz-Straße 7, 76185 Karlsruhe, Deutschland","Carl-Metz-Straße 7, 76185 Karlsruhe, Deutschland",49.009647,8.351906
OSP Ollisa Solar Power GmbH,,In Betrieb,Normalladeeinrichtung,2,22.0,01.01.2022,Carl-Metz-Straße,7,76185,Karlsruhe,"Carl-Metz-Straße 7, 76185 Karlsruhe, Deutschland","Carl-Metz-Straße 7, 76185 Karlsruhe, Deutschland",49.009647,8.351906
OSP Ollisa Solar Power GmbH,,In Betrieb,Normalladeeinrichtung,2,22.0,01.01.2022,Carl-Metz-Straße,7,76185,Karlsruhe,"Carl-Metz-Straße 7, 76185 Karlsruhe, Deutschland","Carl-Metz-Straße 7, 76185 Karlsruhe, Deutschland",49.009647,8.351906
OSP Ollisa Solar Power GmbH,,In Betrieb,Normalladeeinrichtung,2,22.0,01.01.2022,Carl-Metz-Straße,7,76185,Karlsruhe,"Carl-Metz-Straße 7, 76185 Karlsruhe, Deutschland","Carl-Metz-Straße 7, 76185 Karlsruhe, Deutschland",49.009647,8.351906
OSP Ollisa Solar Power GmbH,,In Betrieb,Normalladeeinrichtung,2,22.0,01.01.2022,Carl-Metz-Straße,7,76185,Karlsruhe,"Carl-Metz-Straße 7, 76185 Karlsruhe, Deutschland","Carl-Metz-Straße 7, 76185 Karlsruhe, Deutschland",49.009647,8.351906
OSP Ollisa Solar Power GmbH,,In Betrieb,Normalladeeinrichtung,2,22.0,01.01.2022,Carl-Metz-Straße,7,76185,Karlsruhe,"Carl-Metz-Straße 7, 76185 Karlsruhe, Deutschland","Carl-Metz-Straße 7, 76185 Karlsruhe, Deutschland",49.009647,8.351906
OSP Ollisa Solar Power GmbH,,In Betrieb,Normalladeeinrichtung,2,22.0,01.01.2022,Carl-Metz-Straße,7,76185,Karlsruhe,"Carl-Metz-Straße 7, 76185 Karlsruhe, Deutschland","Carl-Metz-Straße 7, 76185 Karlsruhe, Deutschland",49.009647,8.351906
Citywatt GmbH,Citywatt GmbH,In Betrieb,Schnellladeeinrichtung,2,300.0,15.05.2024,Neureuter Str.,8,76185,Karlsruhe,"Neureuter Str. 8, 76185 Karlsruhe, Deutschland","Neureuter Str. 8, 76185 Karlsruhe, Deutschland",49.01886,8.355473
Citywatt GmbH,Citywatt GmbH,In Betrieb,Schnellladeeinrichtung,2,300.0,15.05.2024,Neureuter Str.,8,76185,Karlsruhe,"Neureuter Str. 8, 76185 Karlsruhe, Deutschland","Neureuter Str. 8, 76185 Karlsruhe, Deutschland",49.018878,8.355607
Citywatt GmbH,Citywatt GmbH,In Betrieb,Schnellladeeinrichtung,2,300.0,15.05.2024,Neureuter Str.,8,76185,Karlsruhe,"Neureuter Str. 8, 76185 Karlsruhe, Deutschland","Neureuter Str. 8, 76185 Karlsruhe, Deutschland",49.018885,8.355703
Citywatt GmbH,Citywatt GmbH,In Betrieb,Schnellladeeinrichtung,2,300.0,15.05.2024,Neureuter Str.,8,76185,Karlsruhe,"Neureuter Str. 8, 76185 Karlsruhe, Deutschland","Neureuter Str. 8, 76185 Karlsruhe, Deutschland",49.01886,8.355789
Citywatt GmbH,Citywatt GmbH,In Betrieb,Schnellladeeinrichtung,2,300.0,15.05.2024,Neureuter Str.,8,76185,Karlsruhe,"Neureuter Str. 8, 76185 Karlsruhe, Deutschland","Neureuter Str. 8, 76185 Karlsruhe, Deutschland",49.018839,8.355886
Pfalzwerke AG,Pfalzwerke AG,In Betrieb,Schnellladeeinrichtung,2,93.0,01.09.2020,Fritz-Haber-Straße,1,76185,Karlsruhe,"Fritz-Haber-Straße 1, 76185 Karlsruhe, Deutschland","Fritz-Haber-Straße 1, 76185 Karlsruhe, Deutschland",48.997929,8.356272
EnBW mobility+ AG und Co.KG,,In Betrieb,Schnellladeeinrichtung,3,100.0,31.07.2024,Landauer Str.,2A,76185,Karlsruhe,"Landauer Str. 2A, 76185 Karlsruhe, Deutschland","Landauer Str. 2A, 76185 Karlsruhe, Deutschland",49.030733,8.368123
Lidl Dienstleistung GmbH & Co. KG,Lidl,In Betrieb,Schnellladeeinrichtung,3,82.0,29.07.2024,Neureuter Str.,8a,76185,Karlsruhe,"Neureuter Str. 8a, 76185 Karlsruhe, Deutschland","Neureuter Str. 8a, 76185 Karlsruhe, Deutschland",49.019192,8.356501
S&G Automobil AG,,In Betrieb,Normalladeeinrichtung,1,22.0,01.10.2018,Schoemperlenstr.,14,76185,Karlsruhe,"Schoemperlenstr. 14, 76185 Karlsruhe, Deutschland","Schoemperlenstr. 14, 76185 Karlsruhe, Deutschland",49.021217,8.352
S&G Automobil AG,,In Betrieb,Normalladeeinrichtung,1,22.0,01.10.2018,Schoemperlenstr.,14,76185,Karlsruhe,"Schoemperlenstr. 14, 76185 Karlsruhe, Deutschland","Schoemperlenstr. 14, 76185 Karlsruhe, Deutschland",49.0212,8.351983
Christian Covi,,In Betrieb,Normalladeeinrichtung,1,11.0,21.09.2022,Gluckstraße,7,76185,Karlsruhe,"Gluckstraße 7, 76185 Karlsruhe, Deutschland","Gluckstraße 7, 76185 Karlsruhe, Deutschland",49.013028,8.363806
Autohaus Graf Hardenberg GmbH - Ford,,In Betrieb,Normalladeeinrichtung,2,44.0,23.11.2020,Rheinstraße,108,76185,Karlsruhe,"Rheinstraße 108, 76185 Karlsruhe, Deutschland","Rheinstraße 108, 76185 Karlsruhe, Deutschland",49.01629,8.35426
Badische Energie-Servicegesellschaft mbH,,In Betrieb,Normalladeeinrichtung,4,88.0,02.02.2019,Daxlander Str.,72,76185,Karlsruhe,"Daxlander Str. 72, 76185 Karlsruhe, Deutschland","Daxlander Str. 72, 76185 Karlsruhe, Deutschland",49.00765,8.342689
Badische Energie-Servicegesellschaft mbH,,In Betrieb,Normalladeeinrichtung,2,44.0,02.02.2019,Daxlander Str.,72,76185,Karlsruhe,"Daxlander Str. 72, 76185 Karlsruhe, Deutschland","Daxlander Str. 72, 76185 Karlsruhe, Deutschland",49.00765,8.342689
Phosergy,,In Betrieb,Normalladeeinrichtung,2,22.0,07.01.2019,Gablonzerstrasse,27,76185,Karlsruhe,"Gablonzerstrasse 27, 76185 Karlsruhe, Deutschland","Gablonzerstrasse 27, 76185 Karlsruhe, Deutschland",49.022963,8.355447
Nagel New Media Einzelunternehmen,,In Betrieb,Normalladeeinrichtung,1,11.0,30.06.2021,Bodelschwinghstr,39,76185,Karlsruhe,"Bodelschwinghstr 39, 76185 Karlsruhe, Deutschland","Bodelschwinghstr 39, 76185 Karlsruhe, Deutschland",49.017934,8.359529
Pfalzwerke AG,Pfalzwerke AG,In Betrieb,Schnellladeeinrichtung,2,300.0,14.11.2024,Fritz-Haber-Str.,1,76185,Karlsruhe,"Fritz-Haber-Str. 1, 76185 Karlsruhe, Deutschland","Fritz-Haber-Str. 1, 76185 Karlsruhe, Deutschland",48.997796,8.356219
Pfalzwerke AG,Pfalzwerke AG,In Betrieb,Schnellladeeinrichtung,2,300.0,14.11.2024,Fritz-Haber-Str.,1,76185,Karlsruhe,"Fritz-Haber-Str. 1, 76185 Karlsruhe, Deutschland","Fritz-Haber-Str. 1, 76185 Karlsruhe, Deutschland",48.997751,8.355948
Tesla Germany GmbH,,In Betrieb,Schnellladeeinrichtung,1,250.0,25.07.2025,Carl-Metz-Str.,Jan 13,76185,Karlsruhe,"Carl-Metz-Str. Jan 13, 76185 Karlsruhe, Deutschland","Carl-Metz-Str. Jan 13, 76185 Karlsruhe, Deutschland",49.009329,8.353632
Tesla Germany GmbH,,In Betrieb,Schnellladeeinrichtung,1,250.0,25.07.2025,Carl-Metz-Str.,Jan 13,76185,Karlsruhe,"Carl-Metz-Str. Jan 13, 76185 Karlsruhe, Deutschland","Carl-Metz-Str. Jan 13, 76185 Karlsruhe, Deutschland",49.009329,8.353632
Tesla Germany GmbH,,In Betrieb,Schnellladeeinrichtung,1,250.0,25.07.2025,Carl-Metz-Str.,Jan 13,76185,Karlsruhe,"Carl-Metz-Str. Jan 13, 76185 Karlsruhe, Deutschland","Carl-Metz-Str. Jan 13, 76185 Karlsruhe, Deutschland",49.009329,8.353632
Tesla Germany GmbH,,In Betrieb,Schnellladeeinrichtung,1,250.0,25.07.2025,Carl-Metz-Str.,Jan 13,76185,Karlsruhe,"Carl-Metz-Str. Jan 13, 76185 Karlsruhe, Deutschland","Carl-Metz-Str. Jan 13, 76185 Karlsruhe, Deutschland",49.009329,8.353632
Tesla Germany GmbH,,In Betrieb,Schnellladeeinrichtung,1,250.0,25.07.2025,Carl-Metz-Str.,Jan 13,76185,Karlsruhe,"Carl-Metz-Str. Jan 13, 76185 Karlsruhe, Deutschland","Carl-Metz-Str. Jan 13, 76185 Karlsruhe, Deutschland",49.009329,8.353632
Tesla Germany GmbH,,In Betrieb,Schnellladeeinrichtung,1,250.0,25.07.2025,Carl-Metz-Str.,Jan 13,76185,Karlsruhe,"Carl-Metz-Str. Jan 13, 76185 Karlsruhe, Deutschland","Carl-Metz-Str. Jan 13, 76185 Karlsruhe, Deutschland",49.009329,8.353632
Tesla Germany GmbH,,In Betrieb,Schnellladeeinrichtung,1,250.0,25.07.2025,Carl-Metz-Str.,Jan 13,76185,Karlsruhe,"Carl-Metz-Str. Jan 13, 76185 Karlsruhe, Deutschland","Carl-Metz-Str. Jan 13, 76185 Karlsruhe, Deutschland",49.009329,8.353632
Tesla Germany GmbH,,In Betrieb,Schnellladeeinrichtung,1,250.0,25.07.2025,Carl-Metz-Str.,Jan 13,76185,Karlsruhe,"Carl-Metz-Str. Jan 13, 76185 Karlsruhe, Deutschland","Carl-Metz-Str. Jan 13, 76185 Karlsruhe, Deutschland",49.009329,8.353632
EnBW mobility+ AG und Co.KG,,In Betrieb,Normalladeeinrichtung,2,30.0,02.12.2020,Hertzstr.,14,76187,Karlsruhe,"Hertzstr. 14, 76187 Karlsruhe, Deutschland","Hertzstr. 14, 76187 Karlsruhe, Deutschland",49.02115,8.3656
EnBW mobility+ AG und Co.KG,,In Betrieb,Schnellladeeinrichtung,2,300.0,07.09.2021,Grünhutstrasse,1,76187,Karlsruhe,"Grünhutstrasse 1, 76187 Karlsruhe, Deutschland","Grünhutstrasse 1, 76187 Karlsruhe, Deutschland",49.03748,8.35219
EnBW mobility+ AG und Co.KG,,In Betrieb,Schnellladeeinrichtung,2,150.0,07.09.2021,Grünhutstrasse,1,76187,Karlsruhe,"Grünhutstrasse 1, 76187 Karlsruhe, Deutschland","Grünhutstrasse 1, 76187 Karlsruhe, Deutschland",49.03748,8.35219
Parkraumgesellschaft Baden-Württemberg GmbH,,In Betrieb,Normalladeeinrichtung,2,22.0,24.06.2021,Weißenburger Str.,3,76187,Karlsruhe,"Weißenburger Str. 3, 76187 Karlsruhe, Deutschland","Weißenburger Str. 3, 76187 Karlsruhe, Deutschland",49.037838,8.363828
Parkraumgesellschaft Baden-Württemberg GmbH,,In Betrieb,Normalladeeinrichtung,2,22.0,24.06.2021,Weißenburger Str.,3,76187,Karlsruhe,"Weißenburger Str. 3, 76187 Karlsruhe, Deutschland","Weißenburger Str. 3, 76187 Karlsruhe, Deutschland",49.037838,8.363828
Parkraumgesellschaft Baden-Württemberg GmbH,,In Betrieb,Normalladeeinrichtung,2,22.0,06.06.2024,Hertzstr.,16,76187,Karlsruhe,"Hertzstr. 16, 76187 Karlsruhe, Deutschland","Hertzstr. 16, 76187 Karlsruhe, Deutschland",49.021337,8.365879
ChargeHere GmbH,,In Betrieb,Normalladeeinrichtung,1,11.0,01.12.2025,Nördliche Raffineriestr.,1,76187,Karlsruhe,"Nördliche Raffineriestr. 1, 76187 Karlsruhe, Deutschland","Nördliche Raffineriestr. 1, 76187 Karlsruhe, Deutschland",49.052126,8.335809
ChargeHere GmbH,,In Betrieb,Normalladeeinrichtung,1,11.0,01.12.2025,Nördliche Raffineriestr.,1,76187,Karlsruhe,"Nördliche Raffineriestr. 1, 76187 Karlsruhe, Deutschland","Nördliche Raffineriestr. 1, 76187 Karlsruhe, Deutschland",49.052126,8.335809
ChargeHere GmbH,,In Betrieb,Normalladeeinrichtung,1,11.0,01.12.2025,Nördliche Raffineriestr.,1,76187,Karlsruhe,"Nördliche Raffineriestr. 1, 76187 Karlsruhe, Deutschland","Nördliche Raffineriestr. 1, 76187 Karlsruhe, Deutschland",49.052126,8.335809
ChargeHere GmbH,,In Betrieb,Normalladeeinrichtung,1,11.0,01.12.2025,Nördliche Raffineriestr.,1,76187,Karlsruhe,"Nördliche Raffineriestr. 1, 76187 Karlsruhe, Deutschland","Nördliche Raffineriestr. 1, 76187 Karlsruhe, Deutschland",49.052126,8.335809
Pension Gästehaus Kautz,,In Betrieb,Normalladeeinrichtung,2,22.0,03.05.2023,G.-Braun-Straße,12,76187,Karlsruhe-Knielingen,"G.-Braun-Straße 12, 76187 Karlsruhe-Knielingen, Deutschland","G.-Braun-Straße 12, 76187 Karlsruhe-Knielingen, Deutschland",49.032015,8.352708
EnBW mobility+ AG und Co.KG,,In Betrieb,Normalladeeinrichtung,2,30.0,09.09.2019,Fettweisstr.,44,76189,Karlsruhe,"Fettweisstr. 44, 76189 Karlsruhe, Deutschland","Fettweisstr. 44, 76189 Karlsruhe, Deutschland",49.013774,8.311219
EnBW mobility+ AG und Co.KG,,In Betrieb,Schnellladeeinrichtung,2,300.0,22.04.2020,Fettweisstraße,42,76189,Karlsruhe,"Fettweisstraße 42, 76189 Karlsruhe, Deutschland","Fettweisstraße 42, 76189 Karlsruhe, Deutschland",49.044359,8.310814
Auto Zschernitz GmbH,Zschernitz,In Betrieb,Normalladeeinrichtung,2,44.0,01.01.2022,Am Mühlburger Bahnhof,10,76189,Karlsruhe,"Am Mühlburger Bahnhof 10, 76189 Karlsruhe, Deutschland","Am Mühlburger Bahnhof 10, 76189 Karlsruhe, Deutschland",49.015639,8.351543
Auto Zschernitz GmbH,Zschernitz,In Betrieb,Normalladeeinrichtung,2,44.0,01.01.2022,Am Mühlburger Bahnhof,10,76189,Karlsruhe,"Am Mühlburger Bahnhof 10, 76189 Karlsruhe, Deutschland","Am Mühlburger Bahnhof 10, 76189 Karlsruhe, Deutschland",49.015639,8.351543
Auto Zschernitz GmbH,Zschernitz,In Betrieb,Normalladeeinrichtung,2,44.0,01.01.2022,Am Mühlburger Bahnhof,10,76189,Karlsruhe,"Am Mühlburger Bahnhof 10, 76189 Karlsruhe, Deutschland","Am Mühlburger Bahnhof 10, 76189 Karlsruhe, Deutschland",49.015639,8.351543
EnBW mobility+ AG und Co.KG,,In Betrieb,Schnellladeeinrichtung,2,300.0,23.12.2024,Eichelbergstr.,34,76189,Karlsruhe,"Eichelbergstr. 34, 76189 Karlsruhe, Deutschland","Eichelbergstr. 34, 76189 Karlsruhe, Deutschland",48.9984,8.34898
EnBW mobility+ AG und Co.KG,,In Betrieb,Schnellladeeinrichtung,2,150.0,23.12.2024,Eichelbergstr.,34,76189,Karlsruhe,"Eichelbergstr. 34, 76189 Karlsruhe, Deutschland","Eichelbergstr. 34, 76189 Karlsruhe, Deutschland",48.9984,8.34898
EnBW mobility+ AG und Co.KG,,In Betrieb,Schnellladeeinrichtung,2,160.0,21.02.2021,Nürnberger Straße,11,76199,Karlsruhe,"Nürnberger Straße 11, 76199 Karlsruhe, Deutschland","Nürnberger Straße 11, 76199 Karlsruhe, Deutschland",48.984704,8.40134
GenoHotel Karlsruhe GmbH & Co. KG,,In Betrieb,Normalladeeinrichtung,2,44.0,07.03.2024,Am Rüppurrer Schloss,40,76199,Karlsruhe,"Am Rüppurrer Schloss 40, 76199 Karlsruhe, Deutschland","Am Rüppurrer Schloss 40, 76199 Karlsruhe, Deutschland",48.98154,8.41387
GenoHotel Karlsruhe GmbH & Co. KG,,In Betrieb,Normalladeeinrichtung,2,44.0,07.03.2024,Am Rüppurrer Schloss,40,76199,Karlsruhe,"Am Rüppurrer Schloss 40, 76199 Karlsruhe, Deutschland","Am Rüppurrer Schloss 40, 76199 Karlsruhe, Deutschland",48.98154,8.41387
Robert Bosch GmbH,,In Betrieb,Normalladeeinrichtung,2,44.0,08.12.2020,Auf der Breit,4,76227,Karlsruhe,"Auf der Breit 4, 76227 Karlsruhe, Deutschland","Auf der Breit 4, 76227 Karlsruhe, Deutschland",49.017147,8.476866
Robert Bosch GmbH,,In Betrieb,Normalladeeinrichtung,2,44.0,08.12.2020,Auf der Breit,4,76227,Karlsruhe,"Auf der Breit 4, 76227 Karlsruhe, Deutschland","Auf der Breit 4, 76227 Karlsruhe, Deutschland",49.017145,8.476866
Robert Bosch GmbH,,In Betrieb,Normalladeeinrichtung,2,44.0,08.12.2020,Auf der Breit,4,76227,Karlsruhe,"Auf der Breit 4, 76227 Karlsruhe, Deutschland","Auf der Breit 4, 76227 Karlsruhe, Deutschland",49.017147,8.476868
Robert Bosch GmbH,,In Betrieb,Normalladeeinrichtung,2,44.0,08.12.2020,Auf der Breit,4,76227,Karlsruhe,"Auf der Breit 4, 76227 Karlsruhe, Deutschland","Auf der Breit 4, 76227 Karlsruhe, Deutschland",49.017146,8.476865
Robert Bosch GmbH,,In Betrieb,Normalladeeinrichtung,2,44.0,08.12.2020,Auf der Breit,4,76227,Karlsruhe,"Auf der Breit 4, 76227 Karlsruhe, Deutschland","Auf der Breit 4, 76227 Karlsruhe, Deutschland",49.017147,8.476869
Robert Bosch GmbH,,In Betrieb,Normalladeeinrichtung,2,44.0,08.12.2020,Auf der Breit,4,76227,Karlsruhe,"Auf der Breit 4, 76227 Karlsruhe, Deutschland","Auf der Breit 4, 76227 Karlsruhe, Deutschland",49.017147,8.47687
Robert Bosch GmbH,,In Betrieb,Normalladeeinrichtung,2,44.0,08.12.2020,Auf der Breit,4,76227,Karlsruhe,"Auf der Breit 4, 76227 Karlsruhe, Deutschland","Auf der Breit 4, 76227 Karlsruhe, Deutschland",49.017146,8.476868
Robert Bosch GmbH,,In Betrieb,Normalladeeinrichtung,2,44.0,08.12.2020,Auf der Breit,4,76227,Karlsruhe,"Auf der Breit 4, 76227 Karlsruhe, Deutschland","Auf der Breit 4, 76227 Karlsruhe, Deutschland",49.017146,8.476867
Robert Bosch GmbH,,In Betrieb,Normalladeeinrichtung,2,44.0,08.12.2020,Auf der Breit,4,76227,Karlsruhe,"Auf der Breit 4, 76227 Karlsruhe, Deutschland","Auf der Breit 4, 76227 Karlsruhe, Deutschland",49.017145,8.476867
EnBW mobility+ AG und Co.KG,,In Betrieb,Schnellladeeinrichtung,2,150.0,01.01.2021,Auf der Breit,9B,76227,Karlsruhe,"Auf der Breit 9B, 76227 Karlsruhe, Deutschland","Auf der Breit 9B, 76227 Karlsruhe, Deutschland",49.016977,8.470953
EnBW mobility+ AG und Co.KG,,In Betrieb,Normalladeeinrichtung,2,30.0,12.11.2020,Blumentorstr.,20,76227,Karlsruhe,"Blumentorstr. 20, 76227 Karlsruhe, Deutschland","Blumentorstr. 20, 76227 Karlsruhe, Deutschland",49.00093,8.47442
EnBW mobility+ AG und Co.KG,,In Betrieb,Normalladeeinrichtung,2,30.0,11.11.2020,Gritznerstr.,6,76227,Karlsruhe,"Gritznerstr. 6, 76227 Karlsruhe, Deutschland","Gritznerstr. 6, 76227 Karlsruhe, Deutschland",48.9993,8.46532
EnBW mobility+ AG und Co.KG,,In Betrieb,Schnellladeeinrichtung,2,156.0,27.04.2021,Am dm-Platz,1,76227,Karlsruhe,"Am dm-Platz 1, 76227 Karlsruhe, Deutschland","Am dm-Platz 1, 76227 Karlsruhe, Deutschland",49.00355,8.45618
EnBW mobility+ AG und Co.KG,,In Betrieb,Schnellladeeinrichtung,2,150.0,15.09.2021,Pfinzstraße / Blumentorstraße,20,76227,Karlsruhe,"Pfinzstraße / Blumentorstraße 20, 76227 Karlsruhe, Deutschland","Pfinzstraße / Blumentorstraße 20, 76227 Karlsruhe, Deutschland",49.001099,8.472881
EnBW mobility+ AG und Co.KG,,In Betrieb,Normalladeeinrichtung,2,30.0,10.03.2022,Reichardtstraße,33,76227,Karlsruhe,"Reichardtstraße 33, 76227 Karlsruhe, Deutschland","Reichardtstraße 33, 76227 Karlsruhe, Deutschland",48.997412,8.485145
Circle K Deutschland GmbH,Circle K Deutschland,In Betrieb,Schnellladeeinrichtung,1,175.0,18.05.2021,Erlachseeweg,10,76227,Karlsruhe,"Erlachseeweg 10, 76227 Karlsruhe, Deutschland","Erlachseeweg 10, 76227 Karlsruhe, Deutschland",48.98567,8.447471
Circle K Deutschland GmbH,Circle K Deutschland,In Betrieb,Schnellladeeinrichtung,1,175.0,18.05.2021,Erlachseeweg,10,76227,Karlsruhe,"Erlachseeweg 10, 76227 Karlsruhe, Deutschland","Erlachseeweg 10, 76227 Karlsruhe, Deutschland",48.98567,8.447471
Emscher Lippe Energie GmbH,Emscher Lippe Energie GmbH,In Betrieb,Normalladeeinrichtung,2,22.0,27.08.2018,Ottostr.,22,76227,Karlsruhe,"Ottostr. 22, 76227 Karlsruhe, Deutschland","Ottostr. 22, 76227 Karlsruhe, Deutschland",48.99729,8.43733
Emscher Lippe Energie GmbH,Emscher Lippe Energie GmbH,In Betrieb,Normalladeeinrichtung,2,44.0,26.10.2018,Ottostr.,22,76227,Karlsruhe,"Ottostr. 22, 76227 Karlsruhe, Deutschland","Ottostr. 22, 76227 Karlsruhe, Deutschland",48.99729,8.43733
Teas Energie Solutions GmbH,,In Betrieb,Normalladeeinrichtung,1,22.0,18.10.2019,Pfinzstraße,15,76227,Karlsruhe,"Pfinzstraße 15, 76227 Karlsruhe, Deutschland","Pfinzstraße 15, 76227 Karlsruhe, Deutschland",49.0009,8.4763
Ungeheuer Automobile GmbH,,In Betrieb,Normalladeeinrichtung,2,22.0,27.08.2018,Ottostr.,22,76227,Karlsruhe,"Ottostr. 22, 76227 Karlsruhe, Deutschland","Ottostr. 22, 76227 Karlsruhe, Deutschland",48.99729,8.43733
Ungeheuer Automobile GmbH,,In Betrieb,Normalladeeinrichtung,2,44.0,26.10.2018,Ottostr.,22,76227,Karlsruhe,"Ottostr. 22, 76227 Karlsruhe, Deutschland","Ottostr. 22, 76227 Karlsruhe, Deutschland",48.99729,8.43733
Golfanlagen Weiland GmbH,,In Betrieb,Normalladeeinrichtung,2,22.0,31.10.2024,Gut Batzenhof,3,76227,Karlsruhe,"Gut Batzenhof 3, 76227 Karlsruhe, Deutschland","Gut Batzenhof 3, 76227 Karlsruhe, Deutschland",48.95892,8.493
Pneuhage Management GmbH & Co. KG,,In Betrieb,Normalladeeinrichtung,2,11.0,22.01.2024,Fiduciastr.,14,76227,Karlsruhe,"Fiduciastr. 14, 76227 Karlsruhe, Deutschland","Fiduciastr. 14, 76227 Karlsruhe, Deutschland",48.99426,8.449059
Visteon Electronics Germany,,In Betrieb,Normalladeeinrichtung,4,88.0,09.08.2019,An der RaumFabrik,33b,76227,Karlsruhe,"An der RaumFabrik 33b, 76227 Karlsruhe, Deutschland","An der RaumFabrik 33b, 76227 Karlsruhe, Deutschland",48.996768,8.463724
Visteon Electronics Germany,,In Betrieb,Normalladeeinrichtung,2,44.0,14.08.2020,An der Raumfabrik,33x,76227,Karlsruhe,"An der Raumfabrik 33x, 76227 Karlsruhe, Deutschland","An der Raumfabrik 33x, 76227 Karlsruhe, Deutschland",48.996776,8.463732
Visteon Electronics Germany,,In Betrieb,Normalladeeinrichtung,2,44.0,14.08.2020,An der Raumfabrik,33c,76227,Karlsruhe,"An der Raumfabrik 33c, 76227 Karlsruhe, Deutschland","An der Raumfabrik 33c, 76227 Karlsruhe, Deutschland",48.996776,8.463732
TelemaxX Telekommunikation GmbH,,In Betrieb,Normalladeeinrichtung,4,80.0,01.09.2022,Amalienbadstraße,41,76227,Karlsruhe,"Amalienbadstraße 41, 76227 Karlsruhe, Deutschland","Amalienbadstraße 41, 76227 Karlsruhe, Deutschland",48.99581,8.46338
TelemaxX Telekommunikation GmbH,,In Betrieb,Normalladeeinrichtung,4,80.0,01.09.2022,Amalienbadstraße,41,76227,Karlsruhe,"Amalienbadstraße 41, 76227 Karlsruhe, Deutschland","Amalienbadstraße 41, 76227 Karlsruhe, Deutschland",48.99581,8.46338
TelemaxX Telekommunikation GmbH,,In Betrieb,Normalladeeinrichtung,4,80.0,01.09.2022,Amalienbadstraße,41,76227,Karlsruhe,"Amalienbadstraße 41, 76227 Karlsruhe, Deutschland","Amalienbadstraße 41, 76227 Karlsruhe, Deutschland",48.99581,8.46338
Parkraumgesellschaft Baden-Württemberg GmbH,,In Betrieb,Normalladeeinrichtung,2,22.0,19.11.2024,Neßlerstr.,25,76227,Karlsruhe,"Neßlerstr. 25, 76227 Karlsruhe, Deutschland","Neßlerstr. 25, 76227 Karlsruhe, Deutschland",49.0034,8.494312
Robert Bosch GmbH,,In Betrieb,Normalladeeinrichtung,2,44.0,01.12.2025,Auf der Breit,4,76227,Karlsruhe,"Auf der Breit 4, 76227 Karlsruhe, Deutschland","Auf der Breit 4, 76227 Karlsruhe, Deutschland",49.017147,8.476868
Winterrot Hotelbetriebe GmbH,,In Betrieb,Normalladeeinrichtung,2,22.0,08.01.2021,Rudolf-Link-Str.,10,76228,Karlsruhe,"Rudolf-Link-Str. 10, 76228 Karlsruhe, Deutschland","Rudolf-Link-Str. 10, 76228 Karlsruhe, Deutschland",48.944248,8.488453
Winterrot Hotelbetriebe GmbH,,In Betrieb,Normalladeeinrichtung,2,22.0,08.01.2021,Rudolf-Link-Str.,10,76228,Karlsruhe,"Rudolf-Link-Str. 10, 76228 Karlsruhe, Deutschland","Rudolf-Link-Str. 10, 76228 Karlsruhe, Deutschland",48.944248,8.488453
Midorion  GmbH & Co. KG,,In Betrieb,Schnellladeeinrichtung,2,200.0,26.03.2025,Rudolf-Link-Str.,2,76228,Karlsruhe,"Rudolf-Link-Str. 2, 76228 Karlsruhe, Deutschland","Rudolf-Link-Str. 2, 76228 Karlsruhe, Deutschland",48.9449,8.49429
Midorion  GmbH & Co. KG,,In Betrieb,Schnellladeeinrichtung,2,200.0,26.03.2025,Rudolf-Link-Str.,2,76228,Karlsruhe,"Rudolf-Link-Str. 2, 76228 Karlsruhe, Deutschland","Rudolf-Link-Str. 2, 76228 Karlsruhe, Deutschland",48.9449,8.49429
Midorion  GmbH & Co. KG,,In Betrieb,Schnellladeeinrichtung,2,200.0,26.03.2025,Rudolf-Link-Str.,2,76228,Karlsruhe,"Rudolf-Link-Str. 2, 76228 Karlsruhe, Deutschland","Rudolf-Link-Str. 2, 76228 Karlsruhe, Deutschland",48.9449,8.49429
Midorion  GmbH & Co. KG,,In Betrieb,Schnellladeeinrichtung,2,200.0,26.03.2025,Rudolf-Link-Str.,2,76228,Karlsruhe,"Rudolf-Link-Str. 2, 76228 Karlsruhe, Deutschland","Rudolf-Link-Str. 2, 76228 Karlsruhe, Deutschland",48.94491,8.49429
Midorion  GmbH & Co. KG,,In Betrieb,Schnellladeeinrichtung,2,200.0,26.03.2025,Rudolf-Link-Str.,2,76228,Karlsruhe,"Rudolf-Link-Str. 2, 76228 Karlsruhe, Deutschland","Rudolf-Link-Str. 2, 76228 Karlsruhe, Deutschland",48.94503,8.49445
Midorion  GmbH & Co. KG,,In Betrieb,Normalladeeinrichtung,1,22.0,26.03.2025,Rudolf-Link-Str.,2,76228,Karlsruhe,"Rudolf-Link-Str. 2, 76228 Karlsruhe, Deutschland","Rudolf-Link-Str. 2, 76228 Karlsruhe, Deutschland",48.94503,8.49445
Midorion  GmbH & Co. KG,,In Betrieb,Normalladeeinrichtung,1,22.0,26.03.2025,Rudolf-Link-Str.,2,76228,Karlsruhe,"Rudolf-Link-Str. 2, 76228 Karlsruhe, Deutschland","Rudolf-Link-Str. 2, 76228 Karlsruhe, Deutschland",48.94503,8.49445
Midorion  GmbH & Co. KG,,In Betrieb,Normalladeeinrichtung,1,22.0,26.03.2025,Rudolf-Link-Str.,2,76228,Karlsruhe,"Rudolf-Link-Str. 2, 76228 Karlsruhe, Deutschland","Rudolf-Link-Str. 2, 76228 Karlsruhe, Deutschland",48.94503,8.49445
Midorion  GmbH & Co. KG,,In Betrieb,Normalladeeinrichtung,1,22.0,26.03.2025,Rudolf-Link-Str.,2,76228,Karlsruhe,"Rudolf-Link-Str. 2, 76228 Karlsruhe, Deutschland","Rudolf-Link-Str. 2, 76228 Karlsruhe, Deutschland",48.94503,8.49445
amba operations GmbH,amba operations,In Betrieb,Normalladeeinrichtung,2,44.0,13.10.2025,Auf der Römerstr.,1,76228,Karlsruhe,"Auf der Römerstr. 1, 76228 Karlsruhe, Deutschland","Auf der Römerstr. 1, 76228 Karlsruhe, Deutschland",54.32459,7.36405
amba operations GmbH,amba operations,In Betrieb,Normalladeeinrichtung,2,44.0,13.10.2025,Auf der Römerstr.,1,76228,Karlsruhe,"Auf der Römerstr. 1, 76228 Karlsruhe, Deutschland","Auf der Römerstr. 1, 76228 Karlsruhe, Deutschland",54.32459,7.36405
amba operations GmbH,amba operations,In Betrieb,Normalladeeinrichtung,2,44.0,13.10.2025,Auf der Römerstr.,1,76228,Karlsruhe,"Auf der Römerstr. 1, 76228 Karlsruhe, Deutschland","Auf der Römerstr. 1, 76228 Karlsruhe, Deutschland",54.32459,7.36405
amba operations GmbH,amba operations,In Betrieb,Normalladeeinrichtung,2,44.0,13.10.2025,Auf der Römerstr.,1,76228,Karlsruhe,"Auf der Römerstr. 1, 76228 Karlsruhe, Deutschland","Auf der Römerstr. 1, 76228 Karlsruhe, Deutschland",54.32459,7.36405
amba operations GmbH,amba operations,In Betrieb,Normalladeeinrichtung,1,22.0,13.10.2025,Rudolf-Link-Str.,3,76228,Karlsruhe,"Rudolf-Link-Str. 3, 76228 Karlsruhe, Deutschland","Rudolf-Link-Str. 3, 76228 Karlsruhe, Deutschland",54.32459,7.36405
amba operations GmbH,amba operations,In Betrieb,Normalladeeinrichtung,1,22.0,13.10.2025,Rudolf-Link-Str.,3,76228,Karlsruhe,"Rudolf-Link-Str. 3, 76228 Karlsruhe, Deutschland","Rudolf-Link-Str. 3, 76228 Karlsruhe, Deutschland",54.32459,7.36405
NOVELLUS Integrierte Dienste GmbH,,In Betrieb,Normalladeeinrichtung,1,22.0,17.10.2025,Kleinsteinbacher Str.,77,76228,Karlsruhe,"Kleinsteinbacher Str. 77, 76228 Karlsruhe, Deutschland","Kleinsteinbacher Str. 77, 76228 Karlsruhe, Deutschland",48.95789,8.5141
NOVELLUS Integrierte Dienste GmbH,,In Betrieb,Normalladeeinrichtung,1,22.0,17.10.2025,Kleinsteinbacher Str.,77,76228,Karlsruhe,"Kleinsteinbacher Str. 77, 76228 Karlsruhe, Deutschland","Kleinsteinbacher Str. 77, 76228 Karlsruhe, Deutschland",48.95789,8.5141
Hotel Sonne,,In Betrieb,Normalladeeinrichtung,1,22.0,17.06.2024,Kleinsteinbacher Str.,2,76228,Karlsruhe-Stupferich,"Kleinsteinbacher Str. 2, 76228 Karlsruhe-Stupferich, Deutschland","Kleinsteinbacher Str. 2, 76228 Karlsruhe-Stupferich, Deutschland",48.95425,8.50897
Hotel Sonne,,In Betrieb,Normalladeeinrichtung,1,22.0,17.06.2024,Kleinsteinbacher Str.,2,76228,Karlsruhe-Stupferich,"Kleinsteinbacher Str. 2, 76228 Karlsruhe-Stupferich, Deutschland","Kleinsteinbacher Str. 2, 76228 Karlsruhe-Stupferich, Deutschland",48.95425,8.50897
Pflanzen-Mauk Blumenparadies GmbH,,In Betrieb,Normalladeeinrichtung,4,88.0,27.03.2023,Bruchwaldstraße,63,76229,Karlsruhe-Grötzingen,"Bruchwaldstraße 63, 76229 Karlsruhe-Grötzingen, Deutschland","Bruchwaldstraße 63, 76229 Karlsruhe-Grötzingen, Deutschland",49.021432,8.495438
