Betreiber,Anzeigename,Status,Art der Ladeeinrichtung,Anzahl Ladepunkte,Nennleistung [kW],Inbetriebnahmedatum,Straße,Hausnummer,PLZ,Ort,Volladresse,location,Latitude,Longitude
EnBW mobility+ AG und Co.KG ,,In Betrieb,Schnellladeeinrichtung,2,172.0,2019-07-19 00:00:00,Schlachthausstraße,3,76131,Karlsruhe,"Schlachthausstraße 3, 76131 Karlsruhe, Deutschland","3, Schlachthausstraße, Oststadt Südlicher Teil, Oststadt, Karlsruhe, Baden-Württemberg, 76131, Deutschland",49.0040297,8.4300864
EnBW mobility+ AG und Co.KG ,,In Betrieb,Normalladeeinrichtung,2,30.0,2019-11-28 00:00:00,Durlacher Allee,93,76131,Karlsruhe,"Durlacher Allee 93, 76131 Karlsruhe, Deutschland","EnBW Energie Baden-Württemberg, 93, Durlacher Allee, Oststadt Südlicher Teil, Oststadt, Karlsruhe, Baden-Württemberg, 76131, Deutschland",49.0063112,8.4375227
EnBW mobility+ AG und Co.KG ,,In Betrieb,Normalladeeinrichtung,2,30.0,2019-12-03 00:00:00,Rintheimer Querallee,2,76131,Karlsruhe,"Rintheimer Querallee 2, 76131 Karlsruhe, Deutschland","70.18, 2, Rintheimer Querallee, Oststadt Nördlicher Teil, Oststadt, Karlsruhe, Baden-Württemberg, 76131, Deutschland",49.0214292,8.431461
EnBW mobility+ AG und Co.KG ,,In Betrieb,Schnellladeeinrichtung,2,150.0,2021-01-01 00:00:00,Emmy-Noether-Straße,11,76131,Karlsruhe,"Emmy-Noether-Straße 11, 76131 Karlsruhe, Deutschland","11, Emmy-Noether-Straße, Alt-Rintheim, Rintheim, Karlsruhe, Baden-Württemberg, 76131, Deutschland",49.019884,8.4392418
EnBW mobility+ AG und Co.KG ,,In Betrieb,Normalladeeinrichtung,2,30.0,2020-11-10 00:00:00,Gottesauer Platz,2,76131,Karlsruhe,"Gottesauer Platz 2, 76131 Karlsruhe, Deutschland","2, Gottesauer Platz, Oststadt Westlicher Teil, Oststadt, Karlsruhe, Baden-Württemberg, 76131, Deutschland",49.0070441,8.4234079
EnBW mobility+ AG und Co.KG ,,In Betrieb,Normalladeeinrichtung,2,30.0,2020-12-02 00:00:00,Englerstr.,12,76131,Karlsruhe,"Englerstr. 12, 76131 Karlsruhe, Deutschland","12, Englerstraße, Innenstadt-Ost Nordöstlicher Teil, Innenstadt-Ost, Karlsruhe, Baden-Württemberg, 76131, Deutschland",49.0103594,8.4111873
EnBW mobility+ AG und Co.KG ,,In Betrieb,Normalladeeinrichtung,2,30.0,2020-12-21 00:00:00,Am Sportpark,1,76131,Karlsruhe,"Am Sportpark 1, 76131 Karlsruhe, Deutschland","Kassenautomat, 1, Am Sportpark, Waldstadt Feldlage, Hagsfeld, Karlsruhe, Baden-Württemberg, 76131, Deutschland",49.0256072,8.4447661
EnBW mobility+ AG und Co.KG ,,In Betrieb,Normalladeeinrichtung,2,30.0,2020-12-20 00:00:00,Am Sportpark,1,76131,Karlsruhe,"Am Sportpark 1, 76131 Karlsruhe, Deutschland","Kassenautomat, 1, Am Sportpark, Waldstadt Feldlage, Hagsfeld, Karlsruhe, Baden-Württemberg, 76131, Deutschland",49.0256072,8.4447661
EnBW mobility+ AG und Co.KG ,,In Betrieb,Schnellladeeinrichtung,2,150.0,2020-12-28 00:00:00,Emmy-Noether-Str.,11,76131,Karlsruhe,"Emmy-Noether-Str. 11, 76131 Karlsruhe, Deutschland","11, Emmy-Noether-Straße, Alt-Rintheim, Rintheim, Karlsruhe, Baden-Württemberg, 76131, Deutschland",49.019884,8.4392418
EnBW mobility+ AG und Co.KG ,,In Betrieb,Normalladeeinrichtung,2,30.0,2019-07-10 00:00:00,Durlacher Allee,93,76131,Karlsruhe,"Durlacher Allee 93, 76131 Karlsruhe, Deutschland","EnBW Energie Baden-Württemberg, 93, Durlacher Allee, Oststadt Südlicher Teil, Oststadt, Karlsruhe, Baden-Württemberg, 76131, Deutschland",49.0063112,8.4375227
Fraunhofer-Gesellschaft e. V.,,In Betrieb,Normalladeeinrichtung,1,22.0,2023-08-21 00:00:00,Fraunhoferstraße,1,76131,Karlsruhe,"Fraunhoferstraße 1, 76131 Karlsruhe, Deutschland","Fraunhofer Institut für Optronik, Systemtechnik und Bildauswertung, 1, Fraunhoferstraße, Oststadt Nördlicher Teil, Oststadt, Karlsruhe, Baden-Württemberg, 76131, Deutschland",49.0154596,8.4262131
Fraunhofer-Gesellschaft e. V.,,In Betrieb,Normalladeeinrichtung,1,22.0,2023-08-21 00:00:00,Fraunhoferstraße,1,76131,Karlsruhe,"Fraunhoferstraße 1, 76131 Karlsruhe, Deutschland","Fraunhofer Institut für Optronik, Systemtechnik und Bildauswertung, 1, Fraunhoferstraße, Oststadt Nördlicher Teil, Oststadt, Karlsruhe, Baden-Württemberg, 76131, Deutschland",49.0154596,8.4262131
Fraunhofer-Gesellschaft e. V.,,In Betrieb,Normalladeeinrichtung,1,22.0,2023-08-21 00:00:00,Rintheimer Querallee,2b,76131,Karlsruhe,"Rintheimer Querallee 2b, 76131 Karlsruhe, Deutschland","Rintheimer Querallee, Waldstadt Waldlage, Waldstadt, Karlsruhe, Baden-Württemberg, 76131, Deutschland",49.0306311,8.4139005
Fraunhofer-Gesellschaft e. V.,,In Betrieb,Normalladeeinrichtung,1,22.0,2023-08-21 00:00:00,Straße am Forum,5,76131,Karlsruhe,"Straße am Forum 5, 76131 Karlsruhe, Deutschland","MikroTribologie Centrum, 5, Straße am Forum, Innenstadt-Ost Nordöstlicher Teil, Innenstadt-Ost, Karlsruhe, Baden-Württemberg, 76131, Deutschland",49.0132456,8.415376
Fraunhofer-Gesellschaft e. V.,,In Betrieb,Normalladeeinrichtung,1,22.0,2023-08-21 00:00:00,Straße am Forum,5,76131,Karlsruhe,"Straße am Forum 5, 76131 Karlsruhe, Deutschland","MikroTribologie Centrum, 5, Straße am Forum, Innenstadt-Ost Nordöstlicher Teil, Innenstadt-Ost, Karlsruhe, Baden-Württemberg, 76131, Deutschland",49.0132456,8.415376
ALDI SÜD Immobilienverwaltungs-GmbH & Co. oHG,ALDI SÜD,In Betrieb,Schnellladeeinrichtung,3,60.0,2021-05-20 00:00:00,Theodor-Rehbock-Straße,17,76131,Karlsruhe,"Theodor-Rehbock-Straße 17, 76131 Karlsruhe, Deutschland","17, Theodor-Rehbock-Straße, Oststadt Südlicher Teil, Oststadt, Karlsruhe, Baden-Württemberg, 76131, Deutschland",49.0095784,8.4387591
Fraunhofer-Gesellschaft e. V.,,In Betrieb,Normalladeeinrichtung,1,22.0,2024-05-15 00:00:00,Rintheimer Querallee,2b,76131,Karlsruhe,"Rintheimer Querallee 2b, 76131 Karlsruhe, Deutschland","Rintheimer Querallee, Waldstadt Waldlage, Waldstadt, Karlsruhe, Baden-Württemberg, 76131, Deutschland",49.0306311,8.4139005
Parkraumgesellschaft Baden-Württemberg GmbH,,In Betrieb,Normalladeeinrichtung,4,22.0,2022-10-11 00:00:00,Schloßplatz,0,76131,Karlsruhe,"Schloßplatz 0, 76131 Karlsruhe, Deutschland","Schlossplatz, Innenstadt-West Östlicher Teil, Innenstadt-West, Karlsruhe, Baden-Württemberg, 76131, Deutschland",49.0122214,8.40416
Parkraumgesellschaft Baden-Württemberg GmbH,,In Betrieb,Normalladeeinrichtung,4,22.0,2022-10-11 00:00:00,Schloßplatz,0,76131,Karlsruhe,"Schloßplatz 0, 76131 Karlsruhe, Deutschland","Schlossplatz, Innenstadt-West Östlicher Teil, Innenstadt-West, Karlsruhe, Baden-Württemberg, 76131, Deutschland",49.0122214,8.40416
Parkraumgesellschaft Baden-Württemberg GmbH,,In Betrieb,Normalladeeinrichtung,2,22.0,2022-10-11 00:00:00,Schloßplatz,0,76131,Karlsruhe,"Schloßplatz 0, 76131 Karlsruhe, Deutschland","Schlossplatz, Innenstadt-West Östlicher Teil, Innenstadt-West, Karlsruhe, Baden-Württemberg, 76131, Deutschland",49.0122214,8.40416
Parkraumgesellschaft Baden-Württemberg GmbH,,In Betrieb,Normalladeeinrichtung,4,22.0,2022-10-11 00:00:00,Waldhornstraße,0,76131,Karlsruhe,"Waldhornstraße 0, 76131 Karlsruhe, Deutschland","Waldhornstraße, Innenstadt-Ost Südwestlicher Teil, Innenstadt-Ost, Karlsruhe, Baden-Württemberg, 76131, Deutschland",49.0087668,8.4112896
Parkraumgesellschaft Baden-Württemberg GmbH,,In Betrieb,Normalladeeinrichtung,4,22.0,2022-10-11 00:00:00,Waldhornstraße,0,76131,Karlsruhe,"Waldhornstraße 0, 76131 Karlsruhe, Deutschland","Waldhornstraße, Innenstadt-Ost Südwestlicher Teil, Innenstadt-Ost, Karlsruhe, Baden-Württemberg, 76131, Deutschland",49.0087668,8.4112896
Pfalzwerke AG,Pfalzwerke AG,In Betrieb,Schnellladeeinrichtung,2,72.0,2021-07-14 00:00:00,Theodor-Rehbock-Straße,11,76131,Karlsruhe,"Theodor-Rehbock-Straße 11, 76131 Karlsruhe, Deutschland","11, Theodor-Rehbock-Straße, Oststadt Südlicher Teil, Oststadt, Karlsruhe, Baden-Württemberg, 76131, Deutschland",49.0095568,8.4382019
Parkraumgesellschaft Baden-Württemberg GmbH,,In Betrieb,Normalladeeinrichtung,2,11.0,2022-11-29 00:00:00,Schlossplatz,16,76131,Karlsruhe,"Schlossplatz 16, 76131 Karlsruhe, Deutschland","Schlossplatz, Innenstadt-West Östlicher Teil, Innenstadt-West, Karlsruhe, Baden-Württemberg, 76131, Deutschland",49.0122214,8.40416
Parkraumgesellschaft Baden-Württemberg GmbH,,In Betrieb,Normalladeeinrichtung,2,11.0,2022-11-29 00:00:00,Schlossplatz,16,76131,Karlsruhe,"Schlossplatz 16, 76131 Karlsruhe, Deutschland","Schlossplatz, Innenstadt-West Östlicher Teil, Innenstadt-West, Karlsruhe, Baden-Württemberg, 76131, Deutschland",49.0122214,8.40416
Parkraumgesellschaft Baden-Württemberg GmbH,,In Betrieb,Normalladeeinrichtung,2,11.0,2022-11-29 00:00:00,Schlossplatz,16,76131,Karlsruhe,"Schlossplatz 16, 76131 Karlsruhe, Deutschland","Schlossplatz, Innenstadt-West Östlicher Teil, Innenstadt-West, Karlsruhe, Baden-Württemberg, 76131, Deutschland",49.0122214,8.40416
Parkraumgesellschaft Baden-Württemberg GmbH,,In Betrieb,Normalladeeinrichtung,2,11.0,2022-11-29 00:00:00,Schlossplatz,16,76131,Karlsruhe,"Schlossplatz 16, 76131 Karlsruhe, Deutschland","Schlossplatz, Innenstadt-West Östlicher Teil, Innenstadt-West, Karlsruhe, Baden-Württemberg, 76131, Deutschland",49.0122214,8.40416
Parkraumgesellschaft Baden-Württemberg GmbH,,In Betrieb,Normalladeeinrichtung,2,11.0,2022-11-29 00:00:00,Schlossplatz,16,76131,Karlsruhe,"Schlossplatz 16, 76131 Karlsruhe, Deutschland","Schlossplatz, Innenstadt-West Östlicher Teil, Innenstadt-West, Karlsruhe, Baden-Württemberg, 76131, Deutschland",49.0122214,8.40416
Parkraumgesellschaft Baden-Württemberg GmbH,,In Betrieb,Normalladeeinrichtung,2,11.0,2022-11-29 00:00:00,Schlossplatz,16,76131,Karlsruhe,"Schlossplatz 16, 76131 Karlsruhe, Deutschland","Schlossplatz, Innenstadt-West Östlicher Teil, Innenstadt-West, Karlsruhe, Baden-Württemberg, 76131, Deutschland",49.0122214,8.40416
Parkraumgesellschaft Baden-Württemberg GmbH,,In Betrieb,Normalladeeinrichtung,2,11.0,2022-11-29 00:00:00,Schlossplatz,16,76131,Karlsruhe,"Schlossplatz 16, 76131 Karlsruhe, Deutschland","Schlossplatz, Innenstadt-West Östlicher Teil, Innenstadt-West, Karlsruhe, Baden-Württemberg, 76131, Deutschland",49.0122214,8.40416
Parkraumgesellschaft Baden-Württemberg GmbH,,In Betrieb,Normalladeeinrichtung,2,11.0,2022-11-29 00:00:00,Schlossplatz,16,76131,Karlsruhe,"Schlossplatz 16, 76131 Karlsruhe, Deutschland","Schlossplatz, Innenstadt-West Östlicher Teil, Innenstadt-West, Karlsruhe, Baden-Württemberg, 76131, Deutschland",49.0122214,8.40416
Parkraumgesellschaft Baden-Württemberg GmbH,,In Betrieb,Normalladeeinrichtung,2,11.0,2022-11-29 00:00:00,Schlossplatz,16,76131,Karlsruhe,"Schlossplatz 16, 76131 Karlsruhe, Deutschland","Schlossplatz, Innenstadt-West Östlicher Teil, Innenstadt-West, Karlsruhe, Baden-Württemberg, 76131, Deutschland",49.0122214,8.40416
Parkraumgesellschaft Baden-Württemberg GmbH,,In Betrieb,Normalladeeinrichtung,2,22.0,2024-07-11 00:00:00,Fritz-Haber-Weg,0,76131,Karlsruhe,"Fritz-Haber-Weg 0, 76131 Karlsruhe, Deutschland","Fritz-Haber-Weg, Innenstadt-Ost Nordöstlicher Teil, Innenstadt-Ost, Karlsruhe, Baden-Württemberg, 76131, Deutschland",49.0119491,8.4134296
Parkraumgesellschaft Baden-Württemberg GmbH,,In Betrieb,Normalladeeinrichtung,2,22.0,2024-03-11 00:00:00,Gotthard-Franz-Str.,9,76131,Karlsruhe,"Gotthard-Franz-Str. 9, 76131 Karlsruhe, Deutschland","Versuchshalle bei der Bauingenieurabteilung, 9, Gotthard-Franz-Straße, Oststadt Westlicher Teil, Oststadt, Karlsruhe, Baden-Württemberg, 76131, Deutschland",49.0146675,8.4210068
Parkraumgesellschaft Baden-Württemberg GmbH,,In Betrieb,Normalladeeinrichtung,2,22.0,2024-03-11 00:00:00,Gotthard-Franz-Str.,9,76131,Karlsruhe,"Gotthard-Franz-Str. 9, 76131 Karlsruhe, Deutschland","Versuchshalle bei der Bauingenieurabteilung, 9, Gotthard-Franz-Straße, Oststadt Westlicher Teil, Oststadt, Karlsruhe, Baden-Württemberg, 76131, Deutschland",49.0146675,8.4210068
Parkraumgesellschaft Baden-Württemberg GmbH,,In Betrieb,Normalladeeinrichtung,2,22.0,2024-07-11 00:00:00,Rudolf-Plank-Str.,0,76131,Karlsruhe,"Rudolf-Plank-Str. 0, 76131 Karlsruhe, Deutschland","Rudolf-Plank-Straße, Innenstadt-Ost Nordöstlicher Teil, Innenstadt-Ost, Karlsruhe, Baden-Württemberg, 76131, Deutschland",49.0102875,8.4147885
Parkraumgesellschaft Baden-Württemberg GmbH,,In Betrieb,Normalladeeinrichtung,2,22.0,2024-07-11 00:00:00,Rudolf-Plank-Str.,0,76131,Karlsruhe,"Rudolf-Plank-Str. 0, 76131 Karlsruhe, Deutschland","Rudolf-Plank-Straße, Innenstadt-Ost Nordöstlicher Teil, Innenstadt-Ost, Karlsruhe, Baden-Württemberg, 76131, Deutschland",49.0102875,8.4147885
Parkraumgesellschaft Baden-Württemberg GmbH,,In Betrieb,Normalladeeinrichtung,2,22.0,2024-07-11 00:00:00,Neuer Zirkel,0,76131,Karlsruhe,"Neuer Zirkel 0, 76131 Karlsruhe, Deutschland","Neuer Zirkel, Innenstadt-Ost Nordöstlicher Teil, Innenstadt-Ost, Karlsruhe, Baden-Württemberg, 76131, Deutschland",49.0116414,8.4091151
Parkraumgesellschaft Baden-Württemberg GmbH,,In Betrieb,Normalladeeinrichtung,2,22.0,2024-07-11 00:00:00,Zirkel,0,76131,Karlsruhe,"Zirkel 0, 76131 Karlsruhe, Deutschland","Zirkel, Innenstadt-Ost Nordöstlicher Teil, Innenstadt-Ost, Karlsruhe, Baden-Württemberg, 76131, Deutschland",49.011139,8.4083997
Auto Weiler Gbr,,In Betrieb,Normalladeeinrichtung,1,22.0,2024-01-17 00:00:00,Alter Schlachthof,30,76131,Karlsruhe,"Alter Schlachthof 30, 76131 Karlsruhe, Deutschland","Alter Schlachthof, Oststadt Südlicher Teil, Oststadt, Karlsruhe, Baden-Württemberg, 76131, Deutschland",49.0043569,8.4294496
Auto Weiler Gbr,,In Betrieb,Normalladeeinrichtung,1,22.0,2024-01-17 00:00:00,Alter Schlachthof,30,76131,Karlsruhe,"Alter Schlachthof 30, 76131 Karlsruhe, Deutschland","Alter Schlachthof, Oststadt Südlicher Teil, Oststadt, Karlsruhe, Baden-Württemberg, 76131, Deutschland",49.0043569,8.4294496
Auto Weiler Gbr,,In Betrieb,Normalladeeinrichtung,1,22.0,2024-01-17 00:00:00,Alter Schlachthof,30,76131,Karlsruhe,"Alter Schlachthof 30, 76131 Karlsruhe, Deutschland","Alter Schlachthof, Oststadt Südlicher Teil, Oststadt, Karlsruhe, Baden-Württemberg, 76131, Deutschland",49.0043569,8.4294496
BES- Badische Energie-Servicegesellschaft mbH,BES,In Betrieb,Normalladeeinrichtung,1,11.0,2017-09-22 00:00:00,Haid-und-Neu-Str.,18,76131,Karlsruhe,"Haid-und-Neu-Str. 18, 76131 Karlsruhe, Deutschland","Hoepfner-Bierburg, 18, Haid-und-Neu-Straße, Oststadt Nördlicher Teil, Oststadt, Karlsruhe, Baden-Württemberg, 76131, Deutschland",49.0123207,8.4264003
Autohaus Werner Beier GmbH,,In Betrieb,Normalladeeinrichtung,4,11.0,2023-12-14 00:00:00,Heinrich-Wittmann-Str.,21,76131,Karlsruhe,"Heinrich-Wittmann-Str. 21, 76131 Karlsruhe, Deutschland","21, Heinrich-Wittmann-Straße, Alt-Rintheim, Rintheim, Karlsruhe, Baden-Württemberg, 76131, Deutschland",49.0094598,8.4434328
Lidl Dienstleistung GmbH & Co. KGe,Lidl,In Betrieb,Schnellladeeinrichtung,3,71.0,2024-11-15 00:00:00,Theodor-Rehbock-Str.,4,76131,Karlsruhe,"Theodor-Rehbock-Str. 4, 76131 Karlsruhe, Deutschland","4, Theodor-Rehbock-Straße, Oststadt Südlicher Teil, Oststadt, Karlsruhe, Baden-Württemberg, 76131, Deutschland",49.008489,8.4375114
Audi Zentrum Karlsruhe GmbH,,In Betrieb,Schnellladeeinrichtung,1,24.0,2019-08-08 00:00:00,Gerwigstraße,83,76131,Karlsruhe,"Gerwigstraße 83, 76131 Karlsruhe, Deutschland","Audi Zentrum Karlsruhe, 83, Gerwigstraße, Alt-Rintheim, Rintheim, Karlsruhe, Baden-Württemberg, 76131, Deutschland",49.0065221,8.4423443
Ladegrün! eG,,In Betrieb,Schnellladeeinrichtung,2,150.0,2025-01-28 00:00:00,Käppelestr.,5,76131,Karlsruhe,"Käppelestr. 5, 76131 Karlsruhe, Deutschland","5, Käppelestraße, Oststadt Südlicher Teil, Oststadt, Karlsruhe, Baden-Württemberg, 76131, Deutschland",49.0079126,8.4387676
EnBW mobility+ AG und Co.KG ,,In Betrieb,Normalladeeinrichtung,2,30.0,2020-11-04 00:00:00,Stephanienstr.,88,76133,Karlsruhe,"Stephanienstr. 88, 76133 Karlsruhe, Deutschland","88, Stephanienstraße, Innenstadt-West Westlicher Teil, Innenstadt-West, Karlsruhe, Baden-Württemberg, 76133, Deutschland",49.0111316,8.3896025
EnBW mobility+ AG und Co.KG ,,In Betrieb,Normalladeeinrichtung,2,30.0,2020-11-11 00:00:00,Hans-Thoma-Str.,5,76133,Karlsruhe,"Hans-Thoma-Str. 5, 76133 Karlsruhe, Deutschland","5, Hans-Thoma-Straße, Innenstadt-West Östlicher Teil, Innenstadt-West, Karlsruhe, Baden-Württemberg, 76133, Deutschland",49.0118181,8.3990462
EnBW mobility+ AG und Co.KG ,,In Betrieb,Schnellladeeinrichtung,2,150.0,2021-12-09 00:00:00,Moltkestraße,4,76133,Karlsruhe,"Moltkestraße 4, 76133 Karlsruhe, Deutschland","4, Moltkestraße, Innenstadt-West Westlicher Teil, Innenstadt-West, Karlsruhe, Baden-Württemberg, 76133, Deutschland",49.0147769,8.3974777
EnBW mobility+ AG und Co.KG ,,In Betrieb,Normalladeeinrichtung,2,22.0,2021-07-09 00:00:00,Kreuzstraße,13,76133,Karlsruhe,"Kreuzstraße 13, 76133 Karlsruhe, Deutschland","Hanns-Löw-Haus, 13, Kreuzstraße, Innenstadt-Ost Südwestlicher Teil, Innenstadt-Ost, Karlsruhe, Baden-Württemberg, 76133, Deutschland",49.0080269,8.4060897
Claus Heinemann Elektroanlagen GmbH,ChargeOne,In Betrieb,Normalladeeinrichtung,4,11.0,2023-05-31 00:00:00,Amalienstraße,33,76133,Karlsruhe,"Amalienstraße 33, 76133 Karlsruhe, Deutschland","33, Amalienstraße, Innenstadt-West Westlicher Teil, Innenstadt-West, Karlsruhe, Baden-Württemberg, 76133, Deutschland",49.0083452,8.3929361
Claus Heinemann Elektroanlagen GmbH,ChargeOne,In Betrieb,Normalladeeinrichtung,4,11.0,2023-05-31 00:00:00,Amalienstraße,33,76133,Karlsruhe,"Amalienstraße 33, 76133 Karlsruhe, Deutschland","33, Amalienstraße, Innenstadt-West Westlicher Teil, Innenstadt-West, Karlsruhe, Baden-Württemberg, 76133, Deutschland",49.0083452,8.3929361
Claus Heinemann Elektroanlagen GmbH,ChargeOne,In Betrieb,Normalladeeinrichtung,4,11.0,2023-05-31 00:00:00,Amalienstraße,33,76133,Karlsruhe,"Amalienstraße 33, 76133 Karlsruhe, Deutschland","33, Amalienstraße, Innenstadt-West Westlicher Teil, Innenstadt-West, Karlsruhe, Baden-Württemberg, 76133, Deutschland",49.0083452,8.3929361
Claus Heinemann Elektroanlagen GmbH,ChargeOne,In Betrieb,Normalladeeinrichtung,4,11.0,2023-05-31 00:00:00,Amalienstraße,33,76133,Karlsruhe,"Amalienstraße 33, 76133 Karlsruhe, Deutschland","33, Amalienstraße, Innenstadt-West Westlicher Teil, Innenstadt-West, Karlsruhe, Baden-Württemberg, 76133, Deutschland",49.0083452,8.3929361
Claus Heinemann Elektroanlagen GmbH,ChargeOne,In Betrieb,Normalladeeinrichtung,4,11.0,2023-05-31 00:00:00,Amalienstraße,33,76133,Karlsruhe,"Amalienstraße 33, 76133 Karlsruhe, Deutschland","33, Amalienstraße, Innenstadt-West Westlicher Teil, Innenstadt-West, Karlsruhe, Baden-Württemberg, 76133, Deutschland",49.0083452,8.3929361
Claus Heinemann Elektroanlagen GmbH,ChargeOne,In Betrieb,Normalladeeinrichtung,4,11.0,2023-06-01 00:00:00,Kreuzstraße,13 A,76133,Karlsruhe,"Kreuzstraße 13 A, 76133 Karlsruhe, Deutschland","Am Marktplatz, 13a, Kreuzstraße, Innenstadt-Ost Südwestlicher Teil, Innenstadt-Ost, Karlsruhe, Baden-Württemberg, 76133, Deutschland",49.0082977,8.4059043
Claus Heinemann Elektroanlagen GmbH,ChargeOne,In Betrieb,Normalladeeinrichtung,4,11.0,2023-06-01 00:00:00,Kreuzstraße,13 A,76133,Karlsruhe,"Kreuzstraße 13 A, 76133 Karlsruhe, Deutschland","Am Marktplatz, 13a, Kreuzstraße, Innenstadt-Ost Südwestlicher Teil, Innenstadt-Ost, Karlsruhe, Baden-Württemberg, 76133, Deutschland",49.0082977,8.4059043
Claus Heinemann Elektroanlagen GmbH,ChargeOne,In Betrieb,Normalladeeinrichtung,4,11.0,2023-06-01 00:00:00,Kreuzstraße,13 A,76133,Karlsruhe,"Kreuzstraße 13 A, 76133 Karlsruhe, Deutschland","Am Marktplatz, 13a, Kreuzstraße, Innenstadt-Ost Südwestlicher Teil, Innenstadt-Ost, Karlsruhe, Baden-Württemberg, 76133, Deutschland",49.0082977,8.4059043
Claus Heinemann Elektroanlagen GmbH,ChargeOne,In Betrieb,Normalladeeinrichtung,4,11.0,2023-06-01 00:00:00,Kreuzstraße,13 A,76133,Karlsruhe,"Kreuzstraße 13 A, 76133 Karlsruhe, Deutschland","Am Marktplatz, 13a, Kreuzstraße, Innenstadt-Ost Südwestlicher Teil, Innenstadt-Ost, Karlsruhe, Baden-Württemberg, 76133, Deutschland",49.0082977,8.4059043
Claus Heinemann Elektroanlagen GmbH,ChargeOne,In Betrieb,Normalladeeinrichtung,4,11.0,2023-06-01 00:00:00,Kreuzstraße,13 A,76133,Karlsruhe,"Kreuzstraße 13 A, 76133 Karlsruhe, Deutschland","Am Marktplatz, 13a, Kreuzstraße, Innenstadt-Ost Südwestlicher Teil, Innenstadt-Ost, Karlsruhe, Baden-Württemberg, 76133, Deutschland",49.0082977,8.4059043
Claus Heinemann Elektroanlagen GmbH,ChargeOne,In Betrieb,Normalladeeinrichtung,3,11.0,2023-11-09 00:00:00,Friedrichsplatz,1,76133,Karlsruhe,"Friedrichsplatz 1, 76133 Karlsruhe, Deutschland","1, Friedrichsplatz, Innenstadt-West Östlicher Teil, Innenstadt-West, Karlsruhe, Baden-Württemberg, 76133, Deutschland",49.0087671,8.4007656
Claus Heinemann Elektroanlagen GmbH,ChargeOne,In Betrieb,Normalladeeinrichtung,4,11.0,2023-11-09 00:00:00,Friedrichsplatz,1,76133,Karlsruhe,"Friedrichsplatz 1, 76133 Karlsruhe, Deutschland","1, Friedrichsplatz, Innenstadt-West Östlicher Teil, Innenstadt-West, Karlsruhe, Baden-Württemberg, 76133, Deutschland",49.0087671,8.4007656
Claus Heinemann Elektroanlagen GmbH,ChargeOne,In Betrieb,Normalladeeinrichtung,4,11.0,2023-11-09 00:00:00,Friedrichsplatz,1,76133,Karlsruhe,"Friedrichsplatz 1, 76133 Karlsruhe, Deutschland","1, Friedrichsplatz, Innenstadt-West Östlicher Teil, Innenstadt-West, Karlsruhe, Baden-Württemberg, 76133, Deutschland",49.0087671,8.4007656
Claus Heinemann Elektroanlagen GmbH,ChargeOne,In Betrieb,Normalladeeinrichtung,4,11.0,2023-11-09 00:00:00,Friedrichsplatz,1,76133,Karlsruhe,"Friedrichsplatz 1, 76133 Karlsruhe, Deutschland","1, Friedrichsplatz, Innenstadt-West Östlicher Teil, Innenstadt-West, Karlsruhe, Baden-Württemberg, 76133, Deutschland",49.0087671,8.4007656
Hotel Rio BGmbH,Hotel Rio Karlsruhe,In Betrieb,Normalladeeinrichtung,2,11.0,2022-09-01 00:00:00,Hans-Sachs-Str,2,76133,Karlsruhe,"Hans-Sachs-Str 2, 76133 Karlsruhe, Deutschland","2, Hans-Sachs-Straße, Weststadt Südlicher Teil, Weststadt, Karlsruhe, Baden-Württemberg, 76133, Deutschland",49.0095346,8.3860854
Hotel Rio BGmbH,Hotel Rio Karlsruhe,In Betrieb,Normalladeeinrichtung,2,11.0,2022-09-01 00:00:00,Hans-Sachs-Str,2,76133,Karlsruhe,"Hans-Sachs-Str 2, 76133 Karlsruhe, Deutschland","2, Hans-Sachs-Straße, Weststadt Südlicher Teil, Weststadt, Karlsruhe, Baden-Württemberg, 76133, Deutschland",49.0095346,8.3860854
Hotel Rio BGmbH,Hotel Rio Karlsruhe,In Betrieb,Normalladeeinrichtung,2,11.0,2022-09-01 00:00:00,Hans-Sachs-Str,2,76133,Karlsruhe,"Hans-Sachs-Str 2, 76133 Karlsruhe, Deutschland","2, Hans-Sachs-Straße, Weststadt Südlicher Teil, Weststadt, Karlsruhe, Baden-Württemberg, 76133, Deutschland",49.0095346,8.3860854
Hotel Rio BGmbH,Hotel Rio Karlsruhe,In Betrieb,Normalladeeinrichtung,2,22.0,2023-02-01 00:00:00,Hans-Sachs-Str,2,76133,Karlsruhe,"Hans-Sachs-Str 2, 76133 Karlsruhe, Deutschland","2, Hans-Sachs-Straße, Weststadt Südlicher Teil, Weststadt, Karlsruhe, Baden-Württemberg, 76133, Deutschland",49.0095346,8.3860854
Hotel Rio BGmbH,Hotel Rio Karlsruhe,In Betrieb,Normalladeeinrichtung,2,22.0,2023-02-01 00:00:00,Hans-Sachs-Str,2,76133,Karlsruhe,"Hans-Sachs-Str 2, 76133 Karlsruhe, Deutschland","2, Hans-Sachs-Straße, Weststadt Südlicher Teil, Weststadt, Karlsruhe, Baden-Württemberg, 76133, Deutschland",49.0095346,8.3860854
Hotel Rio BGmbH,Hotel Rio Karlsruhe,In Betrieb,Normalladeeinrichtung,2,22.0,2023-02-01 00:00:00,Hans-Sachs-Str,2,76133,Karlsruhe,"Hans-Sachs-Str 2, 76133 Karlsruhe, Deutschland","2, Hans-Sachs-Straße, Weststadt Südlicher Teil, Weststadt, Karlsruhe, Baden-Württemberg, 76133, Deutschland",49.0095346,8.3860854
APCOA Deutschland GmbH,,In Betrieb,Normalladeeinrichtung,2,11.0,2016-12-01 00:00:00,Kaiserstraße,217,76133,Karlsruhe,"Kaiserstraße 217, 76133 Karlsruhe, Deutschland","Postgalerie, 217, Kaiserstraße, Innenstadt-West Westlicher Teil, Innenstadt-West, Karlsruhe, Baden-Württemberg, 76133, Deutschland",49.0093625,8.3941736
LAN1 Hotspots GmbH,LAN1 Hotspots GmbH,In Betrieb,Normalladeeinrichtung,4,44.0,2023-03-29 00:00:00,Bismarckstraße,37-43,76133,Karlsruhe,"Bismarckstraße 37-43, 76133 Karlsruhe, Deutschland","Bismarckstraße, Innenstadt-West Westlicher Teil, Innenstadt-West, Karlsruhe, Baden-Württemberg, 76133, Deutschland",49.0129127,8.3923467
Parkraumgesellschaft Baden-Württemberg GmbH,,In Betrieb,Normalladeeinrichtung,2,22.0,2020-05-05 00:00:00,Hoffstr.,10,76133,Karlsruhe,"Hoffstr. 10, 76133 Karlsruhe, Deutschland","Oberlandesgericht Karlsruhe, 10, Hoffstraße, Weststadt Mittlerer Teil, Weststadt, Karlsruhe, Baden-Württemberg, 76133, Deutschland",49.012986,8.3851034
Parkraumgesellschaft Baden-Württemberg GmbH,,In Betrieb,Normalladeeinrichtung,2,22.0,2021-10-13 00:00:00,Moltkestr.,80,76133,Karlsruhe,"Moltkestr. 80, 76133 Karlsruhe, Deutschland","80, Moltkestraße, Hardtwaldsiedlung, Nordstadt, Karlsruhe, Baden-Württemberg, 76133, Deutschland",49.0165717,8.3777827
Parkraumgesellschaft Baden-Württemberg GmbH,,In Betrieb,Normalladeeinrichtung,2,22.0,2024-07-11 00:00:00,Reinhold-Frank-Str.,67,76133,Karlsruhe,"Reinhold-Frank-Str. 67, 76133 Karlsruhe, Deutschland","Rektorat, 67, Reinhold-Frank-Straße, Innenstadt-West Westlicher Teil, Innenstadt-West, Karlsruhe, Baden-Württemberg, 76133, Deutschland",49.0129569,8.3873617
Städtisches Klinikum Karlsruhe gGmbH,,In Betrieb,Normalladeeinrichtung,2,22.0,2021-12-15 00:00:00,Knielinger Allee,0,76133,Karlsruhe,"Knielinger Allee 0, 76133 Karlsruhe, Deutschland","Knielinger Allee, Binsenschlauch, Nordweststadt, Karlsruhe, Baden-Württemberg, 76133, Deutschland",49.0197085,8.373095
Städtisches Klinikum Karlsruhe gGmbH,,In Betrieb,Normalladeeinrichtung,2,22.0,2021-12-15 00:00:00,Knielinger Allee,0,76133,Karlsruhe,"Knielinger Allee 0, 76133 Karlsruhe, Deutschland","Knielinger Allee, Binsenschlauch, Nordweststadt, Karlsruhe, Baden-Württemberg, 76133, Deutschland",49.0197085,8.373095
Städtisches Klinikum Karlsruhe gGmbH,,In Betrieb,Normalladeeinrichtung,2,22.0,2021-12-15 00:00:00,Knielinger Allee,0,76133,Karlsruhe,"Knielinger Allee 0, 76133 Karlsruhe, Deutschland","Knielinger Allee, Binsenschlauch, Nordweststadt, Karlsruhe, Baden-Württemberg, 76133, Deutschland",49.0197085,8.373095
Städtisches Klinikum Karlsruhe gGmbH,,In Betrieb,Normalladeeinrichtung,2,22.0,2021-12-15 00:00:00,Knielinger Allee,0,76133,Karlsruhe,"Knielinger Allee 0, 76133 Karlsruhe, Deutschland","Knielinger Allee, Binsenschlauch, Nordweststadt, Karlsruhe, Baden-Württemberg, 76133, Deutschland",49.0197085,8.373095
Städtisches Klinikum Karlsruhe gGmbH,,In Betrieb,Normalladeeinrichtung,2,22.0,2021-12-15 00:00:00,Knielinger Allee,0,76133,Karlsruhe,"Knielinger Allee 0, 76133 Karlsruhe, Deutschland","Knielinger Allee, Binsenschlauch, Nordweststadt, Karlsruhe, Baden-Württemberg, 76133, Deutschland",49.0197085,8.373095
Karlsruher Fächer GmbH,Karlsruher Fächer,In Betrieb,Normalladeeinrichtung,1,11.0,2023-01-26 00:00:00,Fritz-Erler-Straße,7-11,76133,Karlsruhe,"Fritz-Erler-Straße 7-11, 76133 Karlsruhe, Deutschland","Fritz-Erler-Straße, Innenstadt-Ost Südwestlicher Teil, Innenstadt-Ost, Karlsruhe, Baden-Württemberg, 76133, Deutschland",49.0062682,8.4104437
Karlsruher Fächer GmbH,Karlsruher Fächer,In Betrieb,Normalladeeinrichtung,1,11.0,2023-01-26 00:00:00,Fritz-Erler-Straße,7-11,76133,Karlsruhe,"Fritz-Erler-Straße 7-11, 76133 Karlsruhe, Deutschland","Fritz-Erler-Straße, Innenstadt-Ost Südwestlicher Teil, Innenstadt-Ost, Karlsruhe, Baden-Württemberg, 76133, Deutschland",49.0062682,8.4104437
E.ON Drive GmbH,E.ON Drive GmbH,In Betrieb,Normalladeeinrichtung,1,11.0,2020-12-10 00:00:00,Kaiserallee,11,76133,Karlsruhe,"Kaiserallee 11, 76133 Karlsruhe, Deutschland","Büro marotte Figurentheater, 11, Kaiserallee, Weststadt Südlicher Teil, Weststadt, Karlsruhe, Baden-Württemberg, 76133, Deutschland",49.0101683,8.3846122
E.ON Drive GmbH,E.ON Drive GmbH,In Betrieb,Normalladeeinrichtung,1,11.0,2020-12-09 00:00:00,Amalienstraße,0,76133,Karlsruhe,"Amalienstraße 0, 76133 Karlsruhe, Deutschland","Amalienstraße, Innenstadt-West Östlicher Teil, Innenstadt-West, Karlsruhe, Baden-Württemberg, 76133, Deutschland",49.0074592,8.3959435
E.ON Drive GmbH,E.ON Drive GmbH,In Betrieb,Normalladeeinrichtung,1,11.0,2020-12-09 00:00:00,Amalienstraße,0,76133,Karlsruhe,"Amalienstraße 0, 76133 Karlsruhe, Deutschland","Amalienstraße, Innenstadt-West Östlicher Teil, Innenstadt-West, Karlsruhe, Baden-Württemberg, 76133, Deutschland",49.0074592,8.3959435
Parkraumgesellschaft Baden-Württemberg GmbH,,In Betrieb,Normalladeeinrichtung,2,22.0,2024-12-05 00:00:00,Erzbergerstr.,117,76133,Karlsruhe,"Erzbergerstr. 117, 76133 Karlsruhe, Deutschland","Citrix Online GmbH, 117, Erzbergerstraße, Amerikanersiedlung, Nordstadt, Karlsruhe, Baden-Württemberg, 76133, Deutschland",49.0255767,8.3853505
Parkraumgesellschaft Baden-Württemberg GmbH,,In Betrieb,Normalladeeinrichtung,2,22.0,2024-06-26 00:00:00,Moltkestr.,30,76133,Karlsruhe,"Moltkestr. 30, 76133 Karlsruhe, Deutschland","Hochschule Karlsruhe, 30, Moltkestraße, Innenstadt-West Westlicher Teil, Innenstadt-West, Karlsruhe, Baden-Württemberg, 76133, Deutschland",49.0164075,8.3908688
EnBW mobility+ AG und Co.KG ,,In Betrieb,Normalladeeinrichtung,2,30.0,2020-11-02 00:00:00,Hermann-Veit-Str.,6,76135,Karlsruhe,"Hermann-Veit-Str. 6, 76135 Karlsruhe, Deutschland","6, Hermann-Veit-Straße, Beiertheimer Feld, Südweststadt, Karlsruhe, Baden-Württemberg, 76135, Deutschland",48.9974401,8.3788656
EnBW mobility+ AG und Co.KG ,,In Betrieb,Normalladeeinrichtung,2,30.0,2022-03-10 00:00:00,Lorenzstraße,21,76135,Karlsruhe,"Lorenzstraße 21, 76135 Karlsruhe, Deutschland","21, Lorenzstraße, Gewerbegebiet Blankenloch Süd, Blankenloch, Stutensee, Landkreis Karlsruhe, Baden-Württemberg, 76297, Deutschland",49.0731641,8.4559343
ALDI SÜD Immobilienverwaltungs-GmbH & Co. oHG,ALDI SÜD,In Betrieb,Schnellladeeinrichtung,3,100.0,2022-01-27 00:00:00,Hohenzollernstraße,69,76135,Karlsruhe,"Hohenzollernstraße 69, 76135 Karlsruhe, Deutschland","69, Hohenzollernstraße, Beiertheim, Beiertheim-Bulach, Karlsruhe, Baden-Württemberg, 76135, Deutschland",48.9932845,8.3852027
Allego GmbH,Allego,In Betrieb,Schnellladeeinrichtung,2,150.0,2024-01-31 00:00:00,Windeckstr.,9,76135,Karlsruhe,"Windeckstr. 9, 76135 Karlsruhe, Deutschland","A.T.U, 9, Windeckstraße, Bulach, Beiertheim-Bulach, Karlsruhe, Baden-Württemberg, 76135, Deutschland",48.989023,8.3742603
MINT GmbH,,In Betrieb,Normalladeeinrichtung,2,11.0,2022-07-06 00:00:00,Gebrüder-Bachert-Straße,7,76135,Karlsruhe,"Gebrüder-Bachert-Straße 7, 76135 Karlsruhe, Deutschland","Gebrüder-Bachert-Straße, Bulach, Beiertheim-Bulach, Karlsruhe, Baden-Württemberg, 76135, Deutschland",48.9823252,8.3741329
Karlsruher Fächer GmbH,Karlsruher Fächer,In Betrieb,Normalladeeinrichtung,1,11.0,2023-03-03 00:00:00,Südendstraße,44,76135,Karlsruhe,"Südendstraße 44, 76135 Karlsruhe, Deutschland","Eisenbahn-Bundesamt Außenstelle Karlsruhe, 44, Südendstraße, Beiertheimer Feld, Südweststadt, Karlsruhe, Baden-Württemberg, 76135, Deutschland",48.9994945,8.3844086
Parkraumgesellschaft Baden-Württemberg GmbH,,In Betrieb,Normalladeeinrichtung,2,44.0,2024-07-10 00:00:00,Steinhäuserstr.,11,76135,Karlsruhe,"Steinhäuserstr. 11, 76135 Karlsruhe, Deutschland","11, Steinhäuserstraße, Beiertheimer Feld, Südweststadt, Karlsruhe, Baden-Württemberg, 76135, Deutschland",49.0028113,8.3815284
EnBW mobility+ AG und Co.KG ,,In Betrieb,Schnellladeeinrichtung,2,150.0,2020-11-30 00:00:00,Durlacher Allee,111,76137,Karlsruhe,"Durlacher Allee 111, 76137 Karlsruhe, Deutschland","Kaufland, 111, Durlacher Allee, Oststadt Südlicher Teil, Rintheim, Karlsruhe, Baden-Württemberg, 76137, Deutschland",49.0048856,8.4496741
EnBW mobility+ AG und Co.KG ,,In Betrieb,Schnellladeeinrichtung,2,150.0,2020-11-30 00:00:00,Durlacher Allee,111,76137,Karlsruhe,"Durlacher Allee 111, 76137 Karlsruhe, Deutschland","Kaufland, 111, Durlacher Allee, Oststadt Südlicher Teil, Rintheim, Karlsruhe, Baden-Württemberg, 76137, Deutschland",49.0048856,8.4496741
EnBW mobility+ AG und Co.KG ,,In Betrieb,Schnellladeeinrichtung,2,150.0,2020-11-30 00:00:00,Durlacher Allee,111,76137,Karlsruhe,"Durlacher Allee 111, 76137 Karlsruhe, Deutschland","Kaufland, 111, Durlacher Allee, Oststadt Südlicher Teil, Rintheim, Karlsruhe, Baden-Württemberg, 76137, Deutschland",49.0048856,8.4496741
EnBW mobility+ AG und Co.KG ,,In Betrieb,Schnellladeeinrichtung,2,300.0,2020-11-30 00:00:00,Durlacher Allee,111,76137,Karlsruhe,"Durlacher Allee 111, 76137 Karlsruhe, Deutschland","Kaufland, 111, Durlacher Allee, Oststadt Südlicher Teil, Rintheim, Karlsruhe, Baden-Württemberg, 76137, Deutschland",49.0048856,8.4496741
EnBW mobility+ AG und Co.KG ,,In Betrieb,Schnellladeeinrichtung,2,300.0,2020-11-30 00:00:00,Durlacher Allee,111,76137,Karlsruhe,"Durlacher Allee 111, 76137 Karlsruhe, Deutschland","Kaufland, 111, Durlacher Allee, Oststadt Südlicher Teil, Rintheim, Karlsruhe, Baden-Württemberg, 76137, Deutschland",49.0048856,8.4496741
EnBW mobility+ AG und Co.KG ,,In Betrieb,Normalladeeinrichtung,2,30.0,2020-11-06 00:00:00,Bahnhofstr.,50,76137,Karlsruhe,"Bahnhofstr. 50, 76137 Karlsruhe, Deutschland","50, Bahnhofstraße, Südweststadt Östlicher Teil, Südweststadt, Karlsruhe, Baden-Württemberg, 76137, Deutschland",48.9952349,8.399539
EnBW mobility+ AG und Co.KG ,,In Betrieb,Normalladeeinrichtung,2,22.0,2021-07-09 00:00:00,Luisenstraße,6,76137,Karlsruhe,"Luisenstraße 6, 76137 Karlsruhe, Deutschland","6, Luisenstraße, Südstadt Nördlicher Teil, Südstadt, Karlsruhe, Baden-Württemberg, 76137, Deutschland",49.0006456,8.4055639
Claus Heinemann Elektroanlagen GmbH,ChargeOne,In Betrieb,Normalladeeinrichtung,4,11.0,2023-06-09 00:00:00,Luisenstraße,2F,76137,Karlsruhe,"Luisenstraße 2F, 76137 Karlsruhe, Deutschland","2f, Luisenstraße, Südstadt Nördlicher Teil, Südstadt, Karlsruhe, Baden-Württemberg, 76137, Deutschland",49.0003289,8.4048911
Claus Heinemann Elektroanlagen GmbH,ChargeOne,In Betrieb,Normalladeeinrichtung,4,11.0,2023-06-09 00:00:00,Luisenstraße,2F,76137,Karlsruhe,"Luisenstraße 2F, 76137 Karlsruhe, Deutschland","2f, Luisenstraße, Südstadt Nördlicher Teil, Südstadt, Karlsruhe, Baden-Württemberg, 76137, Deutschland",49.0003289,8.4048911
Claus Heinemann Elektroanlagen GmbH,ChargeOne,In Betrieb,Normalladeeinrichtung,2,11.0,2023-06-09 00:00:00,Luisenstraße,2F,76137,Karlsruhe,"Luisenstraße 2F, 76137 Karlsruhe, Deutschland","2f, Luisenstraße, Südstadt Nördlicher Teil, Südstadt, Karlsruhe, Baden-Württemberg, 76137, Deutschland",49.0003289,8.4048911
Claus Heinemann Elektroanlagen GmbH,ChargeOne,In Betrieb,Normalladeeinrichtung,2,11.0,2023-12-14 00:00:00,Schwarzwaldstrasse,92,76137,Karlsruhe,"Schwarzwaldstrasse 92, 76137 Karlsruhe, Deutschland","B&B Hotel Karlsruhe, 92, Schwarzwaldstraße, Südweststadt Östlicher Teil, Südweststadt, Karlsruhe, Baden-Württemberg, 76137, Deutschland",48.9917548,8.4030397
Parkraumgesellschaft Baden-Württemberg GmbH,,In Betrieb,Normalladeeinrichtung,2,22.0,2022-10-12 00:00:00,Baumeisterstraße,9,76137,Karlsruhe,"Baumeisterstraße 9, 76137 Karlsruhe, Deutschland","9, Baumeisterstraße, Forchheim, Rheinstetten, Landkreis Karlsruhe, Baden-Württemberg, 76287, Deutschland",48.9829591,8.3231284
EnBW mobility+ AG und Co.KG ,,In Betrieb,Schnellladeeinrichtung,2,300.0,2024-09-26 00:00:00,Hinterm Hauptbahnhof,5,76137,Karlsruhe,"Hinterm Hauptbahnhof 5, 76137 Karlsruhe, Deutschland","5, Hinterm Hauptbahnhof, Südweststadt Östlicher Teil, Südweststadt, Karlsruhe, Baden-Württemberg, 76137, Deutschland",48.9925206,8.4022085
EnBW mobility+ AG und Co.KG ,,In Betrieb,Schnellladeeinrichtung,2,300.0,2024-09-26 00:00:00,Hinterm Hauptbahnhof,5,76137,Karlsruhe,"Hinterm Hauptbahnhof 5, 76137 Karlsruhe, Deutschland","5, Hinterm Hauptbahnhof, Südweststadt Östlicher Teil, Südweststadt, Karlsruhe, Baden-Württemberg, 76137, Deutschland",48.9925206,8.4022085
EnBW mobility+ AG und Co.KG ,,In Betrieb,Schnellladeeinrichtung,3,300.0,2024-09-26 00:00:00,Hinterm Hauptbahnhof,5,76137,Karlsruhe,"Hinterm Hauptbahnhof 5, 76137 Karlsruhe, Deutschland","5, Hinterm Hauptbahnhof, Südweststadt Östlicher Teil, Südweststadt, Karlsruhe, Baden-Württemberg, 76137, Deutschland",48.9925206,8.4022085
EnBW mobility+ AG und Co.KG ,,In Betrieb,Schnellladeeinrichtung,3,300.0,2024-09-26 00:00:00,Hinterm Hauptbahnhof,5,76137,Karlsruhe,"Hinterm Hauptbahnhof 5, 76137 Karlsruhe, Deutschland","5, Hinterm Hauptbahnhof, Südweststadt Östlicher Teil, Südweststadt, Karlsruhe, Baden-Württemberg, 76137, Deutschland",48.9925206,8.4022085
Karlsruher Fächer GmbH,Karlsruher Fächer,In Betrieb,Normalladeeinrichtung,1,10.4,2023-08-14 00:00:00,Fautenbruchstraße,53,76137,Karlsruhe,"Fautenbruchstraße 53, 76137 Karlsruhe, Deutschland","Fautenbruchstraße, Südstadt Südlicher Teil, Südstadt, Karlsruhe, Baden-Württemberg, 76137, Deutschland",48.9945778,8.4123264
Karlsruher Fächer GmbH,Karlsruher Fächer,In Betrieb,Normalladeeinrichtung,1,10.4,2023-08-14 00:00:00,Fautenbruchstraße,53,76137,Karlsruhe,"Fautenbruchstraße 53, 76137 Karlsruhe, Deutschland","Fautenbruchstraße, Südstadt Südlicher Teil, Südstadt, Karlsruhe, Baden-Württemberg, 76137, Deutschland",48.9945778,8.4123264
Karlsruher Fächer GmbH,Karlsruher Fächer,In Betrieb,Normalladeeinrichtung,1,10.4,2023-08-14 00:00:00,Fautenbruchstraße,53,76137,Karlsruhe,"Fautenbruchstraße 53, 76137 Karlsruhe, Deutschland","Fautenbruchstraße, Südstadt Südlicher Teil, Südstadt, Karlsruhe, Baden-Württemberg, 76137, Deutschland",48.9945778,8.4123264
Karlsruher Fächer GmbH,Karlsruher Fächer,In Betrieb,Normalladeeinrichtung,1,10.4,2023-08-14 00:00:00,Fautenbruchstraße,53,76137,Karlsruhe,"Fautenbruchstraße 53, 76137 Karlsruhe, Deutschland","Fautenbruchstraße, Südstadt Südlicher Teil, Südstadt, Karlsruhe, Baden-Württemberg, 76137, Deutschland",48.9945778,8.4123264
EFA Tankstellenbetriebe und Mineralölhandel GmbH,,In Betrieb,Schnellladeeinrichtung,3,200.0,2017-12-21 00:00:00,Wolfartsweierer Str.,46,76137,Karlsruhe,"Wolfartsweierer Str. 46, 76137 Karlsruhe, Deutschland","46, Wolfartsweierer Straße, Oststadt Südlicher Teil, Südstadt, Karlsruhe, Baden-Württemberg, 76137, Deutschland",48.9992533,8.428176
Wirelane GmbH,Wirelane GmbH,In Betrieb,Normalladeeinrichtung,2,22.0,2024-11-15 00:00:00,Ettlinger Straße,23,76137,Karlsruhe,"Ettlinger Straße 23, 76137 Karlsruhe, Deutschland","Leonardo Hotel Karlsruhe, 23, Ettlinger Straße, Südstadt Südlicher Teil, Südstadt, Karlsruhe, Baden-Württemberg, 76137, Deutschland",49.000252,8.4042268
Tesla Germany GmbH,,In Betrieb,Schnellladeeinrichtung,1,250.0,2023-03-20 00:00:00,Wolfartsweierer Str.,48,76137,Karlsruhe,"Wolfartsweierer Str. 48, 76137 Karlsruhe, Deutschland","SB-Waschpark Karlsruhe, 48, Wolfartsweierer Straße, Oststadt Südlicher Teil, Südstadt, Karlsruhe, Baden-Württemberg, 76137, Deutschland",48.9992092,8.4289019
Tesla Germany GmbH,,In Betrieb,Schnellladeeinrichtung,1,250.0,2023-03-20 00:00:00,Wolfartsweierer Str.,48,76137,Karlsruhe,"Wolfartsweierer Str. 48, 76137 Karlsruhe, Deutschland","SB-Waschpark Karlsruhe, 48, Wolfartsweierer Straße, Oststadt Südlicher Teil, Südstadt, Karlsruhe, Baden-Württemberg, 76137, Deutschland",48.9992092,8.4289019
Tesla Germany GmbH,,In Betrieb,Schnellladeeinrichtung,1,250.0,2023-03-20 00:00:00,Wolfartsweierer Str.,48,76137,Karlsruhe,"Wolfartsweierer Str. 48, 76137 Karlsruhe, Deutschland","SB-Waschpark Karlsruhe, 48, Wolfartsweierer Straße, Oststadt Südlicher Teil, Südstadt, Karlsruhe, Baden-Württemberg, 76137, Deutschland",48.9992092,8.4289019
Tesla Germany GmbH,,In Betrieb,Schnellladeeinrichtung,1,250.0,2023-03-20 00:00:00,Wolfartsweierer Str.,48,76137,Karlsruhe,"Wolfartsweierer Str. 48, 76137 Karlsruhe, Deutschland","SB-Waschpark Karlsruhe, 48, Wolfartsweierer Straße, Oststadt Südlicher Teil, Südstadt, Karlsruhe, Baden-Württemberg, 76137, Deutschland",48.9992092,8.4289019
Tesla Germany GmbH,,In Betrieb,Schnellladeeinrichtung,1,250.0,2023-03-20 00:00:00,Wolfartsweierer Str.,48,76137,Karlsruhe,"Wolfartsweierer Str. 48, 76137 Karlsruhe, Deutschland","SB-Waschpark Karlsruhe, 48, Wolfartsweierer Straße, Oststadt Südlicher Teil, Südstadt, Karlsruhe, Baden-Württemberg, 76137, Deutschland",48.9992092,8.4289019
Tesla Germany GmbH,,In Betrieb,Schnellladeeinrichtung,1,250.0,2023-03-20 00:00:00,Wolfartsweierer Str.,48,76137,Karlsruhe,"Wolfartsweierer Str. 48, 76137 Karlsruhe, Deutschland","SB-Waschpark Karlsruhe, 48, Wolfartsweierer Straße, Oststadt Südlicher Teil, Südstadt, Karlsruhe, Baden-Württemberg, 76137, Deutschland",48.9992092,8.4289019
Tesla Germany GmbH,,In Betrieb,Schnellladeeinrichtung,1,250.0,2023-03-20 00:00:00,Wolfartsweierer Str.,48,76137,Karlsruhe,"Wolfartsweierer Str. 48, 76137 Karlsruhe, Deutschland","SB-Waschpark Karlsruhe, 48, Wolfartsweierer Straße, Oststadt Südlicher Teil, Südstadt, Karlsruhe, Baden-Württemberg, 76137, Deutschland",48.9992092,8.4289019
Tesla Germany GmbH,,In Betrieb,Schnellladeeinrichtung,1,250.0,2023-03-20 00:00:00,Wolfartsweierer Str.,48,76137,Karlsruhe,"Wolfartsweierer Str. 48, 76137 Karlsruhe, Deutschland","SB-Waschpark Karlsruhe, 48, Wolfartsweierer Straße, Oststadt Südlicher Teil, Südstadt, Karlsruhe, Baden-Württemberg, 76137, Deutschland",48.9992092,8.4289019
Tesla Germany GmbH,,In Betrieb,Schnellladeeinrichtung,1,250.0,2023-03-20 00:00:00,Wolfartsweierer Str.,48,76137,Karlsruhe,"Wolfartsweierer Str. 48, 76137 Karlsruhe, Deutschland","SB-Waschpark Karlsruhe, 48, Wolfartsweierer Straße, Oststadt Südlicher Teil, Südstadt, Karlsruhe, Baden-Württemberg, 76137, Deutschland",48.9992092,8.4289019
Tesla Germany GmbH,,In Betrieb,Schnellladeeinrichtung,1,250.0,2023-03-20 00:00:00,Wolfartsweierer Str.,48,76137,Karlsruhe,"Wolfartsweierer Str. 48, 76137 Karlsruhe, Deutschland","SB-Waschpark Karlsruhe, 48, Wolfartsweierer Straße, Oststadt Südlicher Teil, Südstadt, Karlsruhe, Baden-Württemberg, 76137, Deutschland",48.9992092,8.4289019
Tesla Germany GmbH,,In Betrieb,Schnellladeeinrichtung,1,250.0,2023-03-20 00:00:00,Wolfartsweierer Str.,48,76137,Karlsruhe,"Wolfartsweierer Str. 48, 76137 Karlsruhe, Deutschland","SB-Waschpark Karlsruhe, 48, Wolfartsweierer Straße, Oststadt Südlicher Teil, Südstadt, Karlsruhe, Baden-Württemberg, 76137, Deutschland",48.9992092,8.4289019
Parkraumgesellschaft Baden-Württemberg GmbH,,In Betrieb,Normalladeeinrichtung,2,22.0,2024-11-21 00:00:00,Ritterstr.,20,76137,Karlsruhe,"Ritterstr. 20, 76137 Karlsruhe, Deutschland","Landesbibliothek, 20, Ritterstraße, Innenstadt-West Östlicher Teil, Innenstadt-West, Karlsruhe, Baden-Württemberg, 76133, Deutschland",49.0074038,8.3991124
EnBW mobility+ AG und Co.KG ,,In Betrieb,Normalladeeinrichtung,2,30.0,2020-12-01 00:00:00,Pfizerstr.,1,76139,Karlsruhe,"Pfizerstr. 1, 76139 Karlsruhe, Deutschland","Bundesamt für Migration und Flüchtlinge, 1, Pfizerstraße, Alt-Hagsfeld, Hagsfeld, Karlsruhe, Baden-Württemberg, 76139, Deutschland",49.0241158,8.456179
Fraunhofer-Gesellschaft e. V.,,In Betrieb,Normalladeeinrichtung,2,22.0,2022-09-02 00:00:00,Breslauer Straße,48,76139,Karlsruhe,"Breslauer Straße 48, 76139 Karlsruhe, Deutschland","Fraunhofer-Institut für System- und Innovationsforschung ISI, 48, Breslauer Straße, Waldstadt Feldlage, Waldstadt, Karlsruhe, Baden-Württemberg, 76139, Deutschland",49.0280365,8.4414803
Fraunhofer-Gesellschaft e. V.,,In Betrieb,Normalladeeinrichtung,2,22.0,2022-09-02 00:00:00,Breslauer Straße,48,76139,Karlsruhe,"Breslauer Straße 48, 76139 Karlsruhe, Deutschland","Fraunhofer-Institut für System- und Innovationsforschung ISI, 48, Breslauer Straße, Waldstadt Feldlage, Waldstadt, Karlsruhe, Baden-Württemberg, 76139, Deutschland",49.0280365,8.4414803
Pfalzwerke AG,Pfalzwerke AG,In Betrieb,Schnellladeeinrichtung,2,93.0,2019-11-13 00:00:00,Am Storrenacker,6,76139,Karlsruhe,"Am Storrenacker 6, 76139 Karlsruhe, Deutschland","Hornbach, 6, Am Storrenacker, Alt-Hagsfeld, Hagsfeld, Karlsruhe, Baden-Württemberg, 76139, Deutschland",49.0188421,8.4621131
Pfalzwerke AG,Pfalzwerke AG,In Betrieb,Normalladeeinrichtung,2,44.0,2019-11-13 00:00:00,Am Storrenacker,6,76139,Karlsruhe,"Am Storrenacker 6, 76139 Karlsruhe, Deutschland","Hornbach, 6, Am Storrenacker, Alt-Hagsfeld, Hagsfeld, Karlsruhe, Baden-Württemberg, 76139, Deutschland",49.0188421,8.4621131
S&G Automobil AG,,In Betrieb,Normalladeeinrichtung,2,22.0,2021-04-12 00:00:00,Am Storrenacker,1,76139,Karlsruhe,"Am Storrenacker 1, 76139 Karlsruhe, Deutschland","S&G Automobil AG, 1, Am Storrenacker, Alt-Hagsfeld, Hagsfeld, Karlsruhe, Baden-Württemberg, 76139, Deutschland",49.0203226,8.4638011
S&G Automobil AG,,In Betrieb,Normalladeeinrichtung,2,22.0,2021-04-12 00:00:00,Am Storrenacker,1,76139,Karlsruhe,"Am Storrenacker 1, 76139 Karlsruhe, Deutschland","S&G Automobil AG, 1, Am Storrenacker, Alt-Hagsfeld, Hagsfeld, Karlsruhe, Baden-Württemberg, 76139, Deutschland",49.0203226,8.4638011
ALDI SÜD Immobilienverwaltungs-GmbH & Co. oHG,ALDI SÜD,In Betrieb,Schnellladeeinrichtung,3,150.0,2021-05-20 00:00:00,Lorbeerweg,3,76149,Karlsruhe,"Lorbeerweg 3, 76149 Karlsruhe, Deutschland","dm Drogeriemarkt, 3, Lorbeerweg, Heide, Neureut, Karlsruhe, Baden-Württemberg, 76149, Deutschland",49.0365048,8.3926553
Lidl Dienstleistung GmbH & Co. KGe,Lidl,In Betrieb,Schnellladeeinrichtung,3,75.0,2020-06-25 00:00:00,An der Trift,2,76149,Karlsruhe-Neureut,"An der Trift 2, 76149 Karlsruhe, Deutschland","2, An der Trift, Kirchfeld, Neureut, Karlsruhe, Baden-Württemberg, 76149, Deutschland",49.0448273,8.3936097
Pfalzwerke AG,Pfalzwerke AG,In Betrieb,Schnellladeeinrichtung,3,125.0,2020-09-09 00:00:00,Hermann-Höpker-Aschoff-Straße,0,76149,Karlsruhe,"Hermann-Höpker-Aschoff-Straße 0, 76149 Karlsruhe, Deutschland","Hermann-Höpker-Aschoff-Straße, Kirchfeld, Neureut, Karlsruhe, Karlsdorf-Neuthard, Baden-Württemberg, 76149, Deutschland",49.0537383,8.3930513
Frank Hetzel,,In Betrieb,Normalladeeinrichtung,1,11.0,2022-09-21 00:00:00,Zehntwaldstraße ,32,76149,Karlsruhe,"Zehntwaldstraße  32, 76149 Karlsruhe, Deutschland","32, Zehntwaldstraße, Kirchfeld, Neureut, Karlsruhe, Baden-Württemberg, 76149, Deutschland",49.04728,8.3986221
Autohaus Finger GmbH,,In Betrieb,Normalladeeinrichtung,2,33.0,2021-12-13 00:00:00,Donauschwabenstraße,40,76149,Karlsruhe,"Donauschwabenstraße 40, 76149 Karlsruhe, Deutschland","40, Donauschwabenstraße, Kirchfeld, Neureut, Karlsruhe, Karlsdorf-Neuthard, Baden-Württemberg, 76149, Deutschland",49.0529595,8.395902
Stadtwerke Rastatt GmbH,,In Betrieb,Normalladeeinrichtung,2,44.0,2024-10-18 00:00:00,Ohiostr.,15,76149,Karlsruhe,"Ohiostr. 15, 76149 Karlsruhe, Deutschland","Aviva hotels & living, 15, Ohiostraße, Amerikanersiedlung, Nordstadt, Karlsruhe, Baden-Württemberg, 76149, Deutschland",49.0326755,8.3933897
Stadtwerke Rastatt GmbH,,In Betrieb,Normalladeeinrichtung,1,22.0,2024-10-18 00:00:00,Ohiostr.,15,76149,Karlsruhe,"Ohiostr. 15, 76149 Karlsruhe, Deutschland","Aviva hotels & living, 15, Ohiostraße, Amerikanersiedlung, Nordstadt, Karlsruhe, Baden-Württemberg, 76149, Deutschland",49.0326755,8.3933897
EnBW mobility+ AG und Co.KG ,,In Betrieb,Normalladeeinrichtung,2,30.0,2020-11-12 00:00:00,Daxlander Str.,72,76185,Karlsruhe,"Daxlander Str. 72, 76185 Karlsruhe, Deutschland","Stadtwerke Karlsruhe, 72, Daxlander Straße, Rheinhafen, Mühlburg, Karlsruhe, Baden-Württemberg, 76185, Deutschland",49.0078526,8.3426416
EnBW mobility+ AG und Co.KG ,,In Betrieb,Normalladeeinrichtung,2,30.0,2020-11-12 00:00:00,Yorckstr.,19,76185,Karlsruhe,"Yorckstr. 19, 76185 Karlsruhe, Deutschland","19, Yorckstraße, Weststadt Südlicher Teil, Weststadt, Karlsruhe, Baden-Württemberg, 76185, Deutschland",49.0093861,8.3741368
EnBW mobility+ AG und Co.KG ,,In Betrieb,Schnellladeeinrichtung,2,150.0,2023-05-16 00:00:00,Neureuter Straße,4,76185,Karlsruhe,"Neureuter Straße 4, 76185 Karlsruhe, Deutschland","Bauhaus, 4, Neureuter Straße, Weingärtensiedlung, Mühlburg, Karlsruhe, Baden-Württemberg, 76185, Deutschland",49.0174714,8.3554678
EnBW mobility+ AG und Co.KG ,,In Betrieb,Schnellladeeinrichtung,2,300.0,2023-05-16 00:00:00,Neureuter Straße,4,76185,Karlsruhe,"Neureuter Straße 4, 76185 Karlsruhe, Deutschland","Bauhaus, 4, Neureuter Straße, Weingärtensiedlung, Mühlburg, Karlsruhe, Baden-Württemberg, 76185, Deutschland",49.0174714,8.3554678
ALDI SÜD Immobilienverwaltungs-GmbH & Co. oHG,ALDI SÜD,In Betrieb,Schnellladeeinrichtung,3,150.0,2021-06-14 00:00:00,Borsigstraße,11,76185,Karlsruhe,"Borsigstraße 11, 76185 Karlsruhe, Deutschland","11, Borsigstraße, Weingärtensiedlung, Mühlburg, Karlsruhe, Baden-Württemberg, 76185, Deutschland",49.0211769,8.3543639
OSP Ollisa Solar Power GmbH,,In Betrieb,Normalladeeinrichtung,2,22.0,2022-01-01 00:00:00,Carl-Metz-Straße,7,76185,Karlsruhe,"Carl-Metz-Straße 7, 76185 Karlsruhe, Deutschland","Woolworth, 7, Carl-Metz-Straße, Albsiedlung, Grünwinkel, Karlsruhe, Baden-Württemberg, 76185, Deutschland",49.009927,8.3525304
OSP Ollisa Solar Power GmbH,,In Betrieb,Normalladeeinrichtung,2,22.0,2022-01-01 00:00:00,Carl-Metz-Straße,7,76185,Karlsruhe,"Carl-Metz-Straße 7, 76185 Karlsruhe, Deutschland","Woolworth, 7, Carl-Metz-Straße, Albsiedlung, Grünwinkel, Karlsruhe, Baden-Württemberg, 76185, Deutschland",49.009927,8.3525304
OSP Ollisa Solar Power GmbH,,In Betrieb,Normalladeeinrichtung,2,22.0,2022-01-01 00:00:00,Carl-Metz-Straße,7,76185,Karlsruhe,"Carl-Metz-Straße 7, 76185 Karlsruhe, Deutschland","Woolworth, 7, Carl-Metz-Straße, Albsiedlung, Grünwinkel, Karlsruhe, Baden-Württemberg, 76185, Deutschland",49.009927,8.3525304
OSP Ollisa Solar Power GmbH,,In Betrieb,Normalladeeinrichtung,2,22.0,2022-01-01 00:00:00,Carl-Metz-Straße,7,76185,Karlsruhe,"Carl-Metz-Straße 7, 76185 Karlsruhe, Deutschland","Woolworth, 7, Carl-Metz-Straße, Albsiedlung, Grünwinkel, Karlsruhe, Baden-Württemberg, 76185, Deutschland",49.009927,8.3525304
OSP Ollisa Solar Power GmbH,,In Betrieb,Normalladeeinrichtung,2,22.0,2022-01-01 00:00:00,Carl-Metz-Straße,7,76185,Karlsruhe,"Carl-Metz-Straße 7, 76185 Karlsruhe, Deutschland","Woolworth, 7, Carl-Metz-Straße, Albsiedlung, Grünwinkel, Karlsruhe, Baden-Württemberg, 76185, Deutschland",49.009927,8.3525304
OSP Ollisa Solar Power GmbH,,In Betrieb,Normalladeeinrichtung,2,22.0,2022-01-01 00:00:00,Carl-Metz-Straße,7,76185,Karlsruhe,"Carl-Metz-Straße 7, 76185 Karlsruhe, Deutschland","Woolworth, 7, Carl-Metz-Straße, Albsiedlung, Grünwinkel, Karlsruhe, Baden-Württemberg, 76185, Deutschland",49.009927,8.3525304
OSP Ollisa Solar Power GmbH,,In Betrieb,Normalladeeinrichtung,2,22.0,2022-01-01 00:00:00,Carl-Metz-Straße,7,76185,Karlsruhe,"Carl-Metz-Straße 7, 76185 Karlsruhe, Deutschland","Woolworth, 7, Carl-Metz-Straße, Albsiedlung, Grünwinkel, Karlsruhe, Baden-Württemberg, 76185, Deutschland",49.009927,8.3525304
OSP Ollisa Solar Power GmbH,,In Betrieb,Normalladeeinrichtung,2,22.0,2022-01-01 00:00:00,Carl-Metz-Straße,7,76185,Karlsruhe,"Carl-Metz-Straße 7, 76185 Karlsruhe, Deutschland","Woolworth, 7, Carl-Metz-Straße, Albsiedlung, Grünwinkel, Karlsruhe, Baden-Württemberg, 76185, Deutschland",49.009927,8.3525304
Citywatt GmbH,Citywatt GmbH,In Betrieb,Schnellladeeinrichtung,2,300.0,2024-05-15 00:00:00,Neureuter Str.,8,76185,Karlsruhe,"Neureuter Str. 8, 76185 Karlsruhe, Deutschland","Dehner, 8, Neureuter Straße, Weingärtensiedlung, Mühlburg, Karlsruhe, Baden-Württemberg, 76185, Deutschland",49.0185036,8.3570993
Citywatt GmbH,Citywatt GmbH,In Betrieb,Schnellladeeinrichtung,2,300.0,2024-05-15 00:00:00,Neureuter Str.,8,76185,Karlsruhe,"Neureuter Str. 8, 76185 Karlsruhe, Deutschland","Dehner, 8, Neureuter Straße, Weingärtensiedlung, Mühlburg, Karlsruhe, Baden-Württemberg, 76185, Deutschland",49.0185036,8.3570993
Citywatt GmbH,Citywatt GmbH,In Betrieb,Schnellladeeinrichtung,2,300.0,2024-05-15 00:00:00,Neureuter Str.,8,76185,Karlsruhe,"Neureuter Str. 8, 76185 Karlsruhe, Deutschland","Dehner, 8, Neureuter Straße, Weingärtensiedlung, Mühlburg, Karlsruhe, Baden-Württemberg, 76185, Deutschland",49.0185036,8.3570993
Citywatt GmbH,Citywatt GmbH,In Betrieb,Schnellladeeinrichtung,2,300.0,2024-05-15 00:00:00,Neureuter Str.,8,76185,Karlsruhe,"Neureuter Str. 8, 76185 Karlsruhe, Deutschland","Dehner, 8, Neureuter Straße, Weingärtensiedlung, Mühlburg, Karlsruhe, Baden-Württemberg, 76185, Deutschland",49.0185036,8.3570993
Citywatt GmbH,Citywatt GmbH,In Betrieb,Schnellladeeinrichtung,2,300.0,2024-05-15 00:00:00,Neureuter Str.,8,76185,Karlsruhe,"Neureuter Str. 8, 76185 Karlsruhe, Deutschland","Dehner, 8, Neureuter Straße, Weingärtensiedlung, Mühlburg, Karlsruhe, Baden-Württemberg, 76185, Deutschland",49.0185036,8.3570993
Pfalzwerke AG,Pfalzwerke AG,In Betrieb,Schnellladeeinrichtung,2,93.0,2020-09-01 00:00:00,Fritz-Haber-Straße,1,76185,Karlsruhe,"Fritz-Haber-Straße 1, 76185 Karlsruhe, Deutschland","Hornbach, 1, Fritz-Haber-Straße, Alt-Grünwinkel, Grünwinkel, Karlsruhe, Baden-Württemberg, 76185, Deutschland",48.9984566,8.3556976
EnBW mobility+ AG und Co.KG ,,In Betrieb,Schnellladeeinrichtung,3,100.0,2024-07-31 00:00:00,Landauer Str.,2A,76185,Karlsruhe,"Landauer Str. 2A, 76185 Karlsruhe, Deutschland","Rudolf-Steiner-Kindergarten, 2a, Landauer Straße, Binsenschlauch, Nordweststadt, Karlsruhe, Baden-Württemberg, 76185, Deutschland",49.0308898,8.3699602
Lidl Dienstleistung GmbH & Co. KGe,Lidl,In Betrieb,Schnellladeeinrichtung,3,82.0,2024-07-29 00:00:00,Neureuter Str.,8a,76185,Karlsruhe,"Neureuter Str. 8a, 76185 Karlsruhe, Deutschland","Lidl, 8a, Neureuter Straße, Weingärtensiedlung, Mühlburg, Karlsruhe, Baden-Württemberg, 76185, Deutschland",49.019198,8.3569908
S&G Automobil AG,,In Betrieb,Normalladeeinrichtung,1,22.0,2018-10-01 00:00:00,Schoemperlenstr.,14,76185,Karlsruhe,"Schoemperlenstr. 14, 76185 Karlsruhe, Deutschland","14, Schoemperlenstraße, Weingärtensiedlung, Mühlburg, Karlsruhe, Baden-Württemberg, 76185, Deutschland",49.0215697,8.3509567
S&G Automobil AG,,In Betrieb,Normalladeeinrichtung,1,22.0,2018-10-01 00:00:00,Schoemperlenstr.,14,76185,Karlsruhe,"Schoemperlenstr. 14, 76185 Karlsruhe, Deutschland","14, Schoemperlenstraße, Weingärtensiedlung, Mühlburg, Karlsruhe, Baden-Württemberg, 76185, Deutschland",49.0215697,8.3509567
Christian Covi,,In Betrieb,Normalladeeinrichtung,1,11.0,2022-09-21 00:00:00,Gluckstraße ,7,76185,Karlsruhe,"Gluckstraße  7, 76185 Karlsruhe, Deutschland","7, Gluckstraße, Alt-Mühlburg, Mühlburg, Karlsruhe, Baden-Württemberg, 76185, Deutschland",49.0130153,8.3637591
Autohaus Graf Hardenberg GmbH - Ford,,In Betrieb,Normalladeeinrichtung,2,44.0,2020-11-23 00:00:00,Rheinstraße,108,76185,Karlsruhe,"Rheinstraße 108, 76185 Karlsruhe, Deutschland","Service & Verkauf, 108, Rheinstraße, Alt-Mühlburg, Mühlburg, Karlsruhe, Baden-Württemberg, 76185, Deutschland",49.0163038,8.3543685
Badische Energie-Servicegesellschaft mbH,,In Betrieb,Normalladeeinrichtung,4,88.0,2019-02-02 00:00:00,Daxlander Str.,72,76185,Karlsruhe,"Daxlander Str. 72, 76185 Karlsruhe, Deutschland","Stadtwerke Karlsruhe, 72, Daxlander Straße, Rheinhafen, Mühlburg, Karlsruhe, Baden-Württemberg, 76185, Deutschland",49.0078526,8.3426416
Badische Energie-Servicegesellschaft mbH,,In Betrieb,Normalladeeinrichtung,2,44.0,2019-02-02 00:00:00,Daxlander Str.,72,76185,Karlsruhe,"Daxlander Str. 72, 76185 Karlsruhe, Deutschland","Stadtwerke Karlsruhe, 72, Daxlander Straße, Rheinhafen, Mühlburg, Karlsruhe, Baden-Württemberg, 76185, Deutschland",49.0078526,8.3426416
Phosergy,,In Betrieb,Normalladeeinrichtung,2,22.0,2019-01-07 00:00:00,Gablonzerstrasse,27,76185,Karlsruhe,"Gablonzerstrasse 27, 76185 Karlsruhe, Deutschland","27, Gablonzer Straße, Weingärtensiedlung, Mühlburg, Karlsruhe, Baden-Württemberg, 76185, Deutschland",49.0229753,8.3554696
Nagel New Media Einzelunternehmen,,In Betrieb,Normalladeeinrichtung,1,11.0,2021-06-30 00:00:00,Bodelschwinghstr,39,76185,Karlsruhe,"Bodelschwinghstr 39, 76185 Karlsruhe, Deutschland","39, Bodelschwinghstraße, Weingärtensiedlung, Mühlburg, Karlsruhe, Baden-Württemberg, 76185, Deutschland",49.0177713,8.3595347
Pfalzwerke AG,Pfalzwerke AG,In Betrieb,Schnellladeeinrichtung,2,300.0,2024-11-14 00:00:00,Fritz-Haber-Str.,1,76185,Karlsruhe,"Fritz-Haber-Str. 1, 76185 Karlsruhe, Deutschland","Hornbach, 1, Fritz-Haber-Straße, Alt-Grünwinkel, Grünwinkel, Karlsruhe, Baden-Württemberg, 76185, Deutschland",48.9984566,8.3556976
Pfalzwerke AG,Pfalzwerke AG,In Betrieb,Schnellladeeinrichtung,2,300.0,2024-11-14 00:00:00,Fritz-Haber-Str.,1,76185,Karlsruhe,"Fritz-Haber-Str. 1, 76185 Karlsruhe, Deutschland","Hornbach, 1, Fritz-Haber-Straße, Alt-Grünwinkel, Grünwinkel, Karlsruhe, Baden-Württemberg, 76185, Deutschland",48.9984566,8.3556976
EnBW mobility+ AG und Co.KG ,,In Betrieb,Normalladeeinrichtung,2,30.0,2020-12-02 00:00:00,Hertzstr.,14,76187,Karlsruhe,"Hertzstr. 14, 76187 Karlsruhe, Deutschland","06.37, 14, Hertzstraße, Binsenschlauch, Nordweststadt, Karlsruhe, Baden-Württemberg, 76187, Deutschland",49.0208183,8.3663556
EnBW mobility+ AG und Co.KG ,,In Betrieb,Schnellladeeinrichtung,2,300.0,2021-09-07 00:00:00,Grünhutstrasse,1,76187,Karlsruhe,"Grünhutstrasse 1, 76187 Karlsruhe, Deutschland","1, Grünhutstraße, Neu-Knielingen, Knielingen, Karlsruhe, Baden-Württemberg, 76187, Deutschland",49.0366539,8.3523765
EnBW mobility+ AG und Co.KG ,,In Betrieb,Schnellladeeinrichtung,2,150.0,2021-09-07 00:00:00,Grünhutstrasse,1,76187,Karlsruhe,"Grünhutstrasse 1, 76187 Karlsruhe, Deutschland","1, Grünhutstraße, Neu-Knielingen, Knielingen, Karlsruhe, Baden-Württemberg, 76187, Deutschland",49.0366539,8.3523765
Pension Gästehaus Kautz,,In Betrieb,Normalladeeinrichtung,2,22.0,2023-05-03 00:00:00,G.-Braun-Straße,12,76187,Karlsruhe-Knielingen,"G.-Braun-Straße 12, 76187 Karlsruhe, Deutschland","12, G.-Braun-Straße, Neu-Knielingen, Knielingen, Karlsruhe, Baden-Württemberg, 76187, Deutschland",49.0319965,8.3526932
Parkraumgesellschaft Baden-Württemberg GmbH,,In Betrieb,Normalladeeinrichtung,2,22.0,2021-06-24 00:00:00,Weißenburger Str.,3,76187,Karlsruhe,"Weißenburger Str. 3, 76187 Karlsruhe, Deutschland","CVUA, 3, Weißenburger Straße, Lange Richtstatt, Nordweststadt, Karlsruhe, Baden-Württemberg, 76187, Deutschland",49.0381096,8.3638089
Parkraumgesellschaft Baden-Württemberg GmbH,,In Betrieb,Normalladeeinrichtung,2,22.0,2021-06-24 00:00:00,Weißenburger Str.,3,76187,Karlsruhe,"Weißenburger Str. 3, 76187 Karlsruhe, Deutschland","CVUA, 3, Weißenburger Straße, Lange Richtstatt, Nordweststadt, Karlsruhe, Baden-Württemberg, 76187, Deutschland",49.0381096,8.3638089
Parkraumgesellschaft Baden-Württemberg GmbH,,In Betrieb,Normalladeeinrichtung,2,22.0,2024-06-06 00:00:00,Hertzstr.,16,76187,Karlsruhe,"Hertzstr. 16, 76187 Karlsruhe, Deutschland","Westhochschule, 16, Hertzstraße, Binsenschlauch, Nordweststadt, Karlsruhe, Baden-Württemberg, 76187, Deutschland",49.0218196,8.3671607
EnBW mobility+ AG und Co.KG ,,In Betrieb,Normalladeeinrichtung,2,30.0,2019-09-09 00:00:00,Fettweisstr.,44,76189,Karlsruhe,"Fettweisstr. 44, 76189 Karlsruhe, Deutschland","InnovationsCampus 1, 44, Fettweisstraße, Rheinhafen, Mühlburg, Karlsruhe, Baden-Württemberg, 76189, Deutschland",49.0141004,8.311263
EnBW mobility+ AG und Co.KG ,,In Betrieb,Schnellladeeinrichtung,2,300.0,2020-04-22 00:00:00,Fettweisstraße,42,76189,Karlsruhe,"Fettweisstraße 42, 76189 Karlsruhe, Deutschland","42, Fettweisstraße, Rheinhafen, Mühlburg, Karlsruhe, Baden-Württemberg, 76189, Deutschland",49.0148556,8.31307
Auto Zschernitz GmbH,Zschernitz,In Betrieb,Normalladeeinrichtung,2,44.0,2022-01-01 00:00:00,Am Mühlburger Bahnhof,10,76189,Karlsruhe,"Am Mühlburger Bahnhof 10, 76189 Karlsruhe, Deutschland","10, Am Mühlburger Bahnhof, Rheinhafen, Mühlburg, Karlsruhe, Baden-Württemberg, 76189, Deutschland",49.0156389,8.3515431
Auto Zschernitz GmbH,Zschernitz,In Betrieb,Normalladeeinrichtung,2,44.0,2022-01-01 00:00:00,Am Mühlburger Bahnhof,10,76189,Karlsruhe,"Am Mühlburger Bahnhof 10, 76189 Karlsruhe, Deutschland","10, Am Mühlburger Bahnhof, Rheinhafen, Mühlburg, Karlsruhe, Baden-Württemberg, 76189, Deutschland",49.0156389,8.3515431
Auto Zschernitz GmbH,Zschernitz,In Betrieb,Normalladeeinrichtung,2,44.0,2022-01-01 00:00:00,Am Mühlburger Bahnhof,10,76189,Karlsruhe,"Am Mühlburger Bahnhof 10, 76189 Karlsruhe, Deutschland","10, Am Mühlburger Bahnhof, Rheinhafen, Mühlburg, Karlsruhe, Baden-Württemberg, 76189, Deutschland",49.0156389,8.3515431
EnBW mobility+ AG und Co.KG ,,In Betrieb,Schnellladeeinrichtung,2,300.0,2024-12-23 00:00:00,Eichelbergstr.,34,76189,Karlsruhe,"Eichelbergstr. 34, 76189 Karlsruhe, Deutschland","HIT, 34, Eichelbergstraße, Heidenstückersiedlung, Neue Heidenstückersiedlung, Grünwinkel, Karlsruhe, Baden-Württemberg, 76189, Deutschland",48.9981931,8.3489715
EnBW mobility+ AG und Co.KG ,,In Betrieb,Schnellladeeinrichtung,2,150.0,2024-12-23 00:00:00,Eichelbergstr.,34,76189,Karlsruhe,"Eichelbergstr. 34, 76189 Karlsruhe, Deutschland","HIT, 34, Eichelbergstraße, Heidenstückersiedlung, Neue Heidenstückersiedlung, Grünwinkel, Karlsruhe, Baden-Württemberg, 76189, Deutschland",48.9981931,8.3489715
EnBW mobility+ AG und Co.KG ,,In Betrieb,Schnellladeeinrichtung,2,160.0,2021-02-21 00:00:00,Nürnberger Straße,11,76199,Karlsruhe,"Nürnberger Straße 11, 76199 Karlsruhe, Deutschland","11, Nürnberger Straße, Dammerstock, Weiherfeld-Dammerstock, Karlsruhe, Baden-Württemberg, 76199, Deutschland",48.9845167,8.4011963
GenoHotel Karlsruhe GmbH & Co. KG,,In Betrieb,Normalladeeinrichtung,2,44.0,2024-03-07 00:00:00,Am Rüppurrer Schloss,40,76199,Karlsruhe,"Am Rüppurrer Schloss 40, 76199 Karlsruhe, Deutschland","40, Am Rüppurrer Schloss, Gartenstadt, Rüppurr, Karlsruhe, Baden-Württemberg, 76199, Deutschland",48.9811845,8.413485
GenoHotel Karlsruhe GmbH & Co. KG,,In Betrieb,Normalladeeinrichtung,2,44.0,2024-03-07 00:00:00,Am Rüppurrer Schloss,40,76199,Karlsruhe,"Am Rüppurrer Schloss 40, 76199 Karlsruhe, Deutschland","40, Am Rüppurrer Schloss, Gartenstadt, Rüppurr, Karlsruhe, Baden-Württemberg, 76199, Deutschland",48.9811845,8.413485
Robert Bosch GmbH,,In Betrieb,Normalladeeinrichtung,2,44.0,2020-12-08 00:00:00,Auf der Breit,4,76227,Karlsruhe,"Auf der Breit 4, 76227 Karlsruhe, Deutschland","4, Auf der Breit, Alt-Durlach, Durlach, Karlsruhe, Baden-Württemberg, 76227, Deutschland",49.0176453,8.4758768
Robert Bosch GmbH,,In Betrieb,Normalladeeinrichtung,2,44.0,2020-12-08 00:00:00,Auf der Breit,4,76227,Karlsruhe,"Auf der Breit 4, 76227 Karlsruhe, Deutschland","4, Auf der Breit, Alt-Durlach, Durlach, Karlsruhe, Baden-Württemberg, 76227, Deutschland",49.0176453,8.4758768
Robert Bosch GmbH,,In Betrieb,Normalladeeinrichtung,2,44.0,2020-12-08 00:00:00,Auf der Breit,4,76227,Karlsruhe,"Auf der Breit 4, 76227 Karlsruhe, Deutschland","4, Auf der Breit, Alt-Durlach, Durlach, Karlsruhe, Baden-Württemberg, 76227, Deutschland",49.0176453,8.4758768
Robert Bosch GmbH,,In Betrieb,Normalladeeinrichtung,2,44.0,2020-12-08 00:00:00,Auf der Breit,4,76227,Karlsruhe,"Auf der Breit 4, 76227 Karlsruhe, Deutschland","4, Auf der Breit, Alt-Durlach, Durlach, Karlsruhe, Baden-Württemberg, 76227, Deutschland",49.0176453,8.4758768
Robert Bosch GmbH,,In Betrieb,Normalladeeinrichtung,2,44.0,2020-12-08 00:00:00,Auf der Breit,4,76227,Karlsruhe,"Auf der Breit 4, 76227 Karlsruhe, Deutschland","4, Auf der Breit, Alt-Durlach, Durlach, Karlsruhe, Baden-Württemberg, 76227, Deutschland",49.0176453,8.4758768
Robert Bosch GmbH,,In Betrieb,Normalladeeinrichtung,2,44.0,2020-12-08 00:00:00,Auf der Breit,4,76227,Karlsruhe,"Auf der Breit 4, 76227 Karlsruhe, Deutschland","4, Auf der Breit, Alt-Durlach, Durlach, Karlsruhe, Baden-Württemberg, 76227, Deutschland",49.0176453,8.4758768
Robert Bosch GmbH,,In Betrieb,Normalladeeinrichtung,2,44.0,2020-12-08 00:00:00,Auf der Breit,4,76227,Karlsruhe,"Auf der Breit 4, 76227 Karlsruhe, Deutschland","4, Auf der Breit, Alt-Durlach, Durlach, Karlsruhe, Baden-Württemberg, 76227, Deutschland",49.0176453,8.4758768
Robert Bosch GmbH,,In Betrieb,Normalladeeinrichtung,2,44.0,2020-12-08 00:00:00,Auf der Breit,4,76227,Karlsruhe,"Auf der Breit 4, 76227 Karlsruhe, Deutschland","4, Auf der Breit, Alt-Durlach, Durlach, Karlsruhe, Baden-Württemberg, 76227, Deutschland",49.0176453,8.4758768
Robert Bosch GmbH,,In Betrieb,Normalladeeinrichtung,2,44.0,2020-12-08 00:00:00,Auf der Breit,4,76227,Karlsruhe,"Auf der Breit 4, 76227 Karlsruhe, Deutschland","4, Auf der Breit, Alt-Durlach, Durlach, Karlsruhe, Baden-Württemberg, 76227, Deutschland",49.0176453,8.4758768
EnBW mobility+ AG und Co.KG ,,In Betrieb,Schnellladeeinrichtung,2,150.0,2021-01-01 00:00:00,Auf der Breit,9B,76227,Karlsruhe,"Auf der Breit 9B, 76227 Karlsruhe, Deutschland","9b, Auf der Breit, Alt-Durlach, Durlach, Karlsruhe, Baden-Württemberg, 76227, Deutschland",49.0177793,8.4791514
EnBW mobility+ AG und Co.KG ,,In Betrieb,Normalladeeinrichtung,2,30.0,2020-11-12 00:00:00,Blumentorstr.,20,76227,Karlsruhe,"Blumentorstr. 20, 76227 Karlsruhe, Deutschland","Alten- und Pflegeheim am Blumentor, 18-20, Blumentorstraße, Alt-Durlach, Durlach, Karlsruhe, Baden-Württemberg, 76227, Deutschland",49.0005693,8.475049
EnBW mobility+ AG und Co.KG ,,In Betrieb,Normalladeeinrichtung,2,30.0,2020-11-11 00:00:00,Gritznerstr.,6,76227,Karlsruhe,"Gritznerstr. 6, 76227 Karlsruhe, Deutschland","6, Gritznerstraße, Alt-Durlach, Durlach, Karlsruhe, Baden-Württemberg, 76227, Deutschland",48.9992946,8.4650986
EnBW mobility+ AG und Co.KG ,,In Betrieb,Schnellladeeinrichtung,2,156.0,2021-04-27 00:00:00,Am dm-Platz,1,76227,Karlsruhe,"Am dm-Platz 1, 76227 Karlsruhe, Deutschland","dm-dialogicum, 1, Am dm-Platz, Dornwald-Untermühl, Durlach, Karlsruhe, Baden-Württemberg, 76227, Deutschland",49.0028443,8.4567725
EnBW mobility+ AG und Co.KG ,,In Betrieb,Normalladeeinrichtung,2,30.0,2022-03-10 00:00:00,Reichardtstraße,33,76227,Karlsruhe,"Reichardtstraße 33, 76227 Karlsruhe, Deutschland","33, Reichardtstraße, Hanggebiet, Durlach, Karlsruhe, Kämpfelbach, Baden-Württemberg, 76227, Deutschland",48.9974343,8.4851783
Circle K Deutschland GmbH,Circle K Deutschland,In Betrieb,Schnellladeeinrichtung,1,175.0,2021-05-18 00:00:00,Erlachseeweg,10,76227,Karlsruhe,"Erlachseeweg 10, 76227 Karlsruhe, Deutschland","Südtangente, 10, Erlachseeweg, Aue, Durlach, Karlsruhe, Baden-Württemberg, 76227, Deutschland",48.9857141,8.4475192
Circle K Deutschland GmbH,Circle K Deutschland,In Betrieb,Schnellladeeinrichtung,1,175.0,2021-05-18 00:00:00,Erlachseeweg,10,76227,Karlsruhe,"Erlachseeweg 10, 76227 Karlsruhe, Deutschland","Südtangente, 10, Erlachseeweg, Aue, Durlach, Karlsruhe, Baden-Württemberg, 76227, Deutschland",48.9857141,8.4475192
Emscher Lippe Energie GmbH,Emscher Lippe Energie GmbH,In Betrieb,Normalladeeinrichtung,2,22.0,2018-08-27 00:00:00,Ottostr.,22,76227,Karlsruhe,"Ottostr. 22, 76227 Karlsruhe, Deutschland","Ungeheuer, 22, Ottostraße, Killisfeld, Durlach, Karlsruhe, Baden-Württemberg, 76227, Deutschland",48.9978004,8.4378663
Emscher Lippe Energie GmbH,Emscher Lippe Energie GmbH,In Betrieb,Normalladeeinrichtung,2,44.0,2018-10-26 00:00:00,Ottostr.,22,76227,Karlsruhe,"Ottostr. 22, 76227 Karlsruhe, Deutschland","Ungeheuer, 22, Ottostraße, Killisfeld, Durlach, Karlsruhe, Baden-Württemberg, 76227, Deutschland",48.9978004,8.4378663
Teas Energie Solutions GmbH,,In Betrieb,Normalladeeinrichtung,1,22.0,2019-10-18 00:00:00,Pfinzstraße,15,76227,Karlsruhe,"Pfinzstraße 15, 76227 Karlsruhe, Deutschland","15, Pfinzstraße, Alt-Durlach, Durlach, Karlsruhe, Baden-Württemberg, 76227, Deutschland",49.0012651,8.4763534
Ungeheuer Automobile GmbH,,In Betrieb,Normalladeeinrichtung,2,22.0,2018-08-27 00:00:00,Ottostr.,22,76227,Karlsruhe,"Ottostr. 22, 76227 Karlsruhe, Deutschland","Ungeheuer, 22, Ottostraße, Killisfeld, Durlach, Karlsruhe, Baden-Württemberg, 76227, Deutschland",48.9978004,8.4378663
Ungeheuer Automobile GmbH,,In Betrieb,Normalladeeinrichtung,2,44.0,2018-10-26 00:00:00,Ottostr.,22,76227,Karlsruhe,"Ottostr. 22, 76227 Karlsruhe, Deutschland","Ungeheuer, 22, Ottostraße, Killisfeld, Durlach, Karlsruhe, Baden-Württemberg, 76227, Deutschland",48.9978004,8.4378663
Golfanlagen Weiland GmbH,,In Betrieb,Normalladeeinrichtung,2,22.0,2024-10-31 00:00:00,Gut Batzenhof,3,76227,Karlsruhe,"Gut Batzenhof 3, 76227 Karlsruhe, Deutschland","Götze ProShop, 3, Gut Batzenhof, Hohenwettersbach, Karlsruhe, Baden-Württemberg, 76227, Deutschland",48.9588836,8.4934509
Pneuhage Management GmbH & Co. KG,,In Betrieb,Normalladeeinrichtung,2,11.0,2024-01-22 00:00:00,Fiduciastr.,14,76227,Karlsruhe,"Fiduciastr. 14, 76227 Karlsruhe, Deutschland","Pneuhage, 14, Fiduciastraße, Lohn-Lissen, Durlach, Karlsruhe, Baden-Württemberg, 76227, Deutschland",48.994266,8.4483374
Visteon Electronics Germany,,In Betrieb,Normalladeeinrichtung,4,88.0,2019-08-09 00:00:00,An der RaumFabrik,33b,76227,Karlsruhe,"An der RaumFabrik 33b, 76227 Karlsruhe, Deutschland","An der RaumFabrik 33b, Amalienbadstraße, Alt-Durlach, Durlach, Karlsruhe, Baden-Württemberg, 76227, Deutschland",48.9971298,8.4641541
Visteon Electronics Germany,,In Betrieb,Normalladeeinrichtung,2,44.0,2020-08-14 00:00:00,An der Raumfabrik,33x,76227,Karlsruhe,"An der Raumfabrik 33x, 76227 Karlsruhe, Deutschland","An der RaumFabrik, Alt-Durlach, Durlach, Karlsruhe, Baden-Württemberg, 76227, Deutschland",48.9977058,8.4632535
Visteon Electronics Germany,,In Betrieb,Normalladeeinrichtung,2,44.0,2020-08-14 00:00:00,An der Raumfabrik,33c,76227,Karlsruhe,"An der Raumfabrik 33c, 76227 Karlsruhe, Deutschland","ICnova AG, 33c, An der RaumFabrik, RaumFabrik Durlach, Durlach, Karlsruhe, Baden-Württemberg, 76227, Deutschland",48.9967707,8.464011
TelemaxX Telekommunikation GmbH,,In Betrieb,Normalladeeinrichtung,4,80.0,2022-09-01 00:00:00,Amalienbadstraße,41,76227,Karlsruhe,"Amalienbadstraße 41, 76227 Karlsruhe, Deutschland","Bau 61, 41, Amalienbadstraße, Alt-Durlach, Durlach, Karlsruhe, Baden-Württemberg, 76227, Deutschland",48.9956118,8.4643257
TelemaxX Telekommunikation GmbH,,In Betrieb,Normalladeeinrichtung,4,80.0,2022-09-01 00:00:00,Amalienbadstraße,41,76227,Karlsruhe,"Amalienbadstraße 41, 76227 Karlsruhe, Deutschland","Bau 61, 41, Amalienbadstraße, Alt-Durlach, Durlach, Karlsruhe, Baden-Württemberg, 76227, Deutschland",48.9956118,8.4643257
TelemaxX Telekommunikation GmbH,,In Betrieb,Normalladeeinrichtung,4,80.0,2022-09-01 00:00:00,Amalienbadstraße,41,76227,Karlsruhe,"Amalienbadstraße 41, 76227 Karlsruhe, Deutschland","Bau 61, 41, Amalienbadstraße, Alt-Durlach, Durlach, Karlsruhe, Baden-Württemberg, 76227, Deutschland",48.9956118,8.4643257
Parkraumgesellschaft Baden-Württemberg GmbH,,In Betrieb,Normalladeeinrichtung,2,22.0,2024-11-19 00:00:00,Neßlerstr.,25,76227,Karlsruhe,"Neßlerstr. 25, 76227 Karlsruhe, Deutschland","LTZ Augustenberg, 25, Neßlerstraße, Hanggebiet, Grötzingen, Karlsruhe, Kämpfelbach, Baden-Württemberg, 76227, Deutschland",49.0039417,8.494954
Hotel Sonne,,In Betrieb,Normalladeeinrichtung,1,22.0,2024-06-17 00:00:00,Kleinsteinbacher Str.,2,76228,Karlsruhe-Stupferich,"Kleinsteinbacher Str. 2, 76228 Karlsruhe, Deutschland","2, Kleinsteinbacher Straße, Stupferich, Karlsruhe, Baden-Württemberg, 76228, Deutschland",48.9541373,8.5090029
Hotel Sonne,,In Betrieb,Normalladeeinrichtung,1,22.0,2024-06-17 00:00:00,Kleinsteinbacher Str.,2,76228,Karlsruhe-Stupferich,"Kleinsteinbacher Str. 2, 76228 Karlsruhe, Deutschland","2, Kleinsteinbacher Straße, Stupferich, Karlsruhe, Baden-Württemberg, 76228, Deutschland",48.9541373,8.5090029
Winterrot Hotelbetriebe GmbH,,In Betrieb,Normalladeeinrichtung,2,22.0,2021-01-08 00:00:00,Rudolf-Link-Str.,10,76228,Karlsruhe,"Rudolf-Link-Str. 10, 76228 Karlsruhe, Deutschland","Hotel Winterrot, 10, Rudolf-Link-Straße, Palmbach, Wettersbach, Karlsruhe, Kämpfelbach, Baden-Württemberg, 76228, Deutschland",48.9447906,8.4887668
Winterrot Hotelbetriebe GmbH,,In Betrieb,Normalladeeinrichtung,2,22.0,2021-01-08 00:00:00,Rudolf-Link-Str.,10,76228,Karlsruhe,"Rudolf-Link-Str. 10, 76228 Karlsruhe, Deutschland","Hotel Winterrot, 10, Rudolf-Link-Straße, Palmbach, Wettersbach, Karlsruhe, Kämpfelbach, Baden-Württemberg, 76228, Deutschland",48.9447906,8.4887668
Midorion  GmbH & Co. KG,,In Betrieb,Schnellladeeinrichtung,2,200.0,2025-03-26 00:00:00,Rudolf-Link-Str.,2,76228,Karlsruhe,"Rudolf-Link-Str. 2, 76228 Karlsruhe, Deutschland","Wertstoffstation Rudolf-Link-Straße 2, 2, Rudolf-Link-Straße, Palmbach, Wettersbach, Karlsruhe, Kämpfelbach, Baden-Württemberg, 76228, Deutschland",48.9443882,8.4899894
Midorion  GmbH & Co. KG,,In Betrieb,Schnellladeeinrichtung,2,200.0,2025-03-26 00:00:00,Rudolf-Link-Str.,2,76228,Karlsruhe,"Rudolf-Link-Str. 2, 76228 Karlsruhe, Deutschland","Wertstoffstation Rudolf-Link-Straße 2, 2, Rudolf-Link-Straße, Palmbach, Wettersbach, Karlsruhe, Kämpfelbach, Baden-Württemberg, 76228, Deutschland",48.9443882,8.4899894
Midorion  GmbH & Co. KG,,In Betrieb,Schnellladeeinrichtung,2,200.0,2025-03-26 00:00:00,Rudolf-Link-Str.,2,76228,Karlsruhe,"Rudolf-Link-Str. 2, 76228 Karlsruhe, Deutschland","Wertstoffstation Rudolf-Link-Straße 2, 2, Rudolf-Link-Straße, Palmbach, Wettersbach, Karlsruhe, Kämpfelbach, Baden-Württemberg, 76228, Deutschland",48.9443882,8.4899894
Midorion  GmbH & Co. KG,,In Betrieb,Schnellladeeinrichtung,2,200.0,2025-03-26 00:00:00,Rudolf-Link-Str.,2,76228,Karlsruhe,"Rudolf-Link-Str. 2, 76228 Karlsruhe, Deutschland","Wertstoffstation Rudolf-Link-Straße 2, 2, Rudolf-Link-Straße, Palmbach, Wettersbach, Karlsruhe, Kämpfelbach, Baden-Württemberg, 76228, Deutschland",48.9443882,8.4899894
Midorion  GmbH & Co. KG,,In Betrieb,Schnellladeeinrichtung,2,200.0,2025-03-26 00:00:00,Rudolf-Link-Str.,2,76228,Karlsruhe,"Rudolf-Link-Str. 2, 76228 Karlsruhe, Deutschland","Wertstoffstation Rudolf-Link-Straße 2, 2, Rudolf-Link-Straße, Palmbach, Wettersbach, Karlsruhe, Kämpfelbach, Baden-Württemberg, 76228, Deutschland",48.9443882,8.4899894
Pflanzen-Mauk Blumenparadies GmbH,,In Betrieb,Normalladeeinrichtung,4,88.0,2023-03-27 00:00:00,Bruchwaldstraße,63,76229,Karlsruhe-Grötzingen,"Bruchwaldstraße 63, 76229 Karlsruhe, Deutschland","Mauk Gartenwelt, 63, Bruchwaldstraße, Nördlich der Pfinz, Grötzingen, Karlsruhe, Kämpfelbach, Baden-Württemberg, 76229, Deutschland",49.0214598,8.4954256
