Betreiber,Anzeigename,Status,Art der Ladeeinrichtung,Anzahl Ladepunkte,Nennleistung [kW],Inbetriebnahmedatum,Straße,Hausnummer,PLZ,Ort,Volladresse,location,Latitude,Longitude,Stadtteil,Begründung
,AC-0001,Geplant 2030,Normalladeeinrichtung,4,22,,,,,Karlsruhe,,,49.045468766666666,8.382053233333332,Neureut,AC score=100; ist_ac=3
,AC-0002,Geplant 2030,Normalladeeinrichtung,4,22,,,,,Karlsruhe,,,49.002129249999996,8.41592695,Südstadt,AC score=100; ist_ac=18
,AC-0003,Geplant 2030,Normalladeeinrichtung,4,22,,,,,Karlsruhe,,,49.00040165,8.41037565,Südstadt,AC score=100; ist_ac=18
,AC-0004,Geplant 2030,Normalladeeinrichtung,4,22,,,,,Karlsruhe,,,49.044323575,8.390606024999999,Neureut,AC score=100; ist_ac=3
,AC-0005,Geplant 2030,Normalladeeinrichtung,4,22,,,,,Karlsruhe,,,48.965977249999995,8.403963749999999,Rüppurr,AC score=85; ist_ac=4
,AC-0006,Geplant 2030,Normalladeeinrichtung,4,22,,,,,Karlsruhe,,,48.9716125,8.4049145,Rüppurr,AC score=85; ist_ac=4
,AC-0007,Geplant 2030,Normalladeeinrichtung,4,22,,,,,Karlsruhe,,,48.9727394,8.402949999999999,Rüppurr,AC score=85; ist_ac=4
,AC-0008,Geplant 2030,Normalladeeinrichtung,4,22,,,,,Karlsruhe,,,49.03568173333334,8.4352251,Waldstadt,AC score=85; ist_ac=6
,AC-0009,Geplant 2030,Normalladeeinrichtung,4,22,,,,,Karlsruhe,,,49.0334614,8.4333163,Waldstadt,AC score=85; ist_ac=6
,AC-0010,Geplant 2030,Normalladeeinrichtung,4,22,,,,,Karlsruhe,,,48.985227357142854,8.363053257142857,Oberreut,AC score=85; ist_ac=0
,AC-0011,Geplant 2030,Normalladeeinrichtung,4,22,,,,,Karlsruhe,,,48.946950566666665,8.4781989,Palmbach,AC score=85; ist_ac=4
,AC-0012,Geplant 2030,Normalladeeinrichtung,4,22,,,,,Karlsruhe,,,49.004037679999996,8.41965366,Südstadt,AC score=85; ist_ac=18
,AC-0013,Geplant 2030,Normalladeeinrichtung,4,22,,,,,Karlsruhe,,,49.0000309,8.338706649999999,Daxlanden,AC score=85; ist_ac=0
,AC-0014,Geplant 2030,Normalladeeinrichtung,4,22,,,,,Karlsruhe,,,48.9863447,8.362899666666666,Oberreut,AC score=85; ist_ac=0
,AC-0015,Geplant 2030,Normalladeeinrichtung,4,22,,,,,Karlsruhe,,,48.98407534766355,8.367707795327103,Oberreut,AC score=85; ist_ac=0
,AC-0016,Geplant 2030,Normalladeeinrichtung,4,22,,,,,Karlsruhe,,,49.007115799999994,8.4234714,Oststadt,AC score=85; ist_ac=14
,AC-0017,Geplant 2030,Normalladeeinrichtung,4,22,,,,,Karlsruhe,,,49.00703695,8.424760225,Oststadt,AC score=85; ist_ac=14
,AC-0018,Geplant 2030,Normalladeeinrichtung,4,22,,,,,Karlsruhe,,,48.99918240909091,8.393941109090909,Südweststadt,AC score=85; ist_ac=12
,AC-0019,Geplant 2030,Normalladeeinrichtung,4,22,,,,,Karlsruhe,,,49.00635926666667,8.360698433333333,Grünwinkel,AC score=85; ist_ac=16
,AC-0020,Geplant 2030,Normalladeeinrichtung,4,22,,,,,Karlsruhe,,,49.0200114,8.385096749999999,Nordstadt,AC score=85; ist_ac=7
,AC-0021,Geplant 2030,Normalladeeinrichtung,4,22,,,,,Karlsruhe,,,49.00138735,8.39450635,Südweststadt,AC score=85; ist_ac=12
,AC-0022,Geplant 2030,Normalladeeinrichtung,4,22,,,,,Karlsruhe,,,49.01457350526315,8.441757607894736,Rintheim,AC score=85; ist_ac=10
,AC-0023,Geplant 2030,Normalladeeinrichtung,4,22,,,,,Karlsruhe,,,49.02983766666667,8.375469233333332,Nordweststadt,AC score=85; ist_ac=18
,AC-0024,Geplant 2030,Normalladeeinrichtung,4,22,,,,,Karlsruhe,,,49.0273862,8.3573794,Nordweststadt,AC score=85; ist_ac=18
,AC-0025,Geplant 2030,Normalladeeinrichtung,4,22,,,,,Karlsruhe,,,49.00505523333334,8.4790524,Durlach,AC score=85; ist_ac=59
,AC-0026,Geplant 2030,Normalladeeinrichtung,4,22,,,,,Karlsruhe,,,49.00227255,8.357063,Grünwinkel,AC score=85; ist_ac=16
,AC-0027,Geplant 2030,Normalladeeinrichtung,4,22,,,,,Karlsruhe,,,48.997706019999995,8.41022636,Südstadt,AC score=85; ist_ac=18
,AC-0028,Geplant 2030,Normalladeeinrichtung,4,22,,,,,Karlsruhe,,,48.996623812500005,8.454130825,Durlach,AC score=85; ist_ac=59
,AC-0029,Geplant 2030,Normalladeeinrichtung,4,22,,,,,Karlsruhe,,,48.99754104,8.45824998,Durlach,AC score=85; ist_ac=59
,AC-0030,Geplant 2030,Normalladeeinrichtung,4,22,,,,,Karlsruhe,,,49.0103322,8.379000033333334,Weststadt,AC score=85; ist_ac=19
,AC-0031,Geplant 2030,Normalladeeinrichtung,4,22,,,,,Karlsruhe,,,49.00938816666667,8.427149299999998,Oststadt,AC score=85; ist_ac=14
,AC-0032,Geplant 2030,Normalladeeinrichtung,4,22,,,,,Karlsruhe,,,48.991173333333336,8.375938366666666,Beiertheim-Bulach,AC score=85; ist_ac=2
,AC-0033,Geplant 2030,Normalladeeinrichtung,4,22,,,,,Karlsruhe,,,48.99707,8.360809225,Grünwinkel,AC score=85; ist_ac=16
,AC-0034,Geplant 2030,Normalladeeinrichtung,4,22,,,,,Karlsruhe,,,49.0081567888889,8.416935955555555,Oststadt,AC score=85; ist_ac=14
,AC-0035,Geplant 2030,Normalladeeinrichtung,4,22,,,,,Karlsruhe,,,48.9952623,8.3885068,Südweststadt,AC score=85; ist_ac=12
,AC-0036,Geplant 2030,Normalladeeinrichtung,4,22,,,,,Karlsruhe,,,49.02506426666667,8.448872466666666,Hagsfeld,AC score=85; ist_ac=10
,AC-0037,Geplant 2030,Normalladeeinrichtung,4,22,,,,,Karlsruhe,,,49.00916685,8.37737065,Weststadt,AC score=85; ist_ac=19
,AC-0038,Geplant 2030,Normalladeeinrichtung,4,22,,,,,Karlsruhe,,,49.011520999999995,8.361198,Mühlburg,AC score=85; ist_ac=24
,AC-0039,Geplant 2030,Normalladeeinrichtung,4,22,,,,,Karlsruhe,,,48.99058349999999,8.374318866666666,Beiertheim-Bulach,AC score=85; ist_ac=2
,AC-0040,Geplant 2030,Normalladeeinrichtung,4,22,,,,,Karlsruhe,,,49.0088861,8.407842225,Innenstadt-Ost,AC score=85; ist_ac=44
,AC-0041,Geplant 2030,Normalladeeinrichtung,4,22,,,,,Karlsruhe,,,49.0109,8.398331025000001,Innenstadt-West,AC score=85; ist_ac=79
,AC-0042,Geplant 2030,Normalladeeinrichtung,4,22,,,,,Karlsruhe,,,49.00926303333333,8.401486366666667,Innenstadt-West,AC score=85; ist_ac=79
,AC-0043,Geplant 2030,Normalladeeinrichtung,4,22,,,,,Karlsruhe,,,49.00939983333333,8.3924394,Innenstadt-West,AC score=85; ist_ac=79
,AC-0044,Geplant 2030,Normalladeeinrichtung,4,22,,,,,Karlsruhe,,,48.9663854,8.4053813,Rüppurr,AC score=70; ist_ac=4
,AC-0045,Geplant 2030,Normalladeeinrichtung,4,22,,,,,Karlsruhe,,,49.037777000000006,8.453158566666668,Hagsfeld,AC score=70; ist_ac=10
,AC-0046,Geplant 2030,Normalladeeinrichtung,4,22,,,,,Karlsruhe,,,49.00419213333333,8.325479833333333,Daxlanden,AC score=70; ist_ac=0
,AC-0047,Geplant 2030,Normalladeeinrichtung,4,22,,,,,Karlsruhe,,,48.9836403,8.3576241,Oberreut,AC score=70; ist_ac=0
,AC-0048,Geplant 2030,Normalladeeinrichtung,4,22,,,,,Karlsruhe,,,48.9659303,8.4813472,Hohenwettersbach,AC score=70; ist_ac=2
,AC-0049,Geplant 2030,Normalladeeinrichtung,4,22,,,,,Karlsruhe,,,49.0381383,8.4374946,Waldstadt,AC score=70; ist_ac=6
,AC-0050,Geplant 2030,Normalladeeinrichtung,4,22,,,,,Karlsruhe,,,49.008082675000004,8.5082507,Grötzingen,AC score=70; ist_ac=4
,AC-0051,Geplant 2030,Normalladeeinrichtung,2,22,,,,,Karlsruhe,,,48.9844432,8.3585277,Oberreut,AC score=70; ist_ac=0
,AC-0052,Geplant 2030,Normalladeeinrichtung,2,22,,,,,Karlsruhe,,,48.9727144,8.4063127,Rüppurr,AC score=70; ist_ac=4
,AC-0053,Geplant 2030,Normalladeeinrichtung,2,22,,,,,Karlsruhe,,,48.9778243,8.456944166666666,Wolfartsweier,AC score=70; ist_ac=0
,AC-0054,Geplant 2030,Normalladeeinrichtung,2,22,,,,,Karlsruhe,,,49.046403100000006,8.37911655,Neureut,AC score=70; ist_ac=3
,AC-0055,Geplant 2030,Normalladeeinrichtung,2,22,,,,,Karlsruhe,,,49.000070725,8.3329878,Daxlanden,AC score=70; ist_ac=0
,AC-0056,Geplant 2030,Normalladeeinrichtung,2,22,,,,,Karlsruhe,,,49.043025,8.3798778,Neureut,AC score=70; ist_ac=3
,AC-0057,Geplant 2030,Normalladeeinrichtung,2,22,,,,,Karlsruhe,,,49.045859183333334,8.379911900000002,Neureut,AC score=70; ist_ac=3
,AC-0058,Geplant 2030,Normalladeeinrichtung,2,22,,,,,Karlsruhe,,,48.9771248,8.45317835,Wolfartsweier,AC score=70; ist_ac=0
,AC-0059,Geplant 2030,Normalladeeinrichtung,2,22,,,,,Karlsruhe,,,48.9777593,8.4547403,Wolfartsweier,AC score=70; ist_ac=0
,AC-0060,Geplant 2030,Normalladeeinrichtung,2,22,,,,,Karlsruhe,,,48.9841189,8.360788566666667,Oberreut,AC score=70; ist_ac=0
,AC-0061,Geplant 2030,Normalladeeinrichtung,2,22,,,,,Karlsruhe,,,48.9835018,8.3620579,Oberreut,AC score=70; ist_ac=0
,AC-0062,Geplant 2030,Normalladeeinrichtung,2,22,,,,,Karlsruhe,,,49.0118703,8.49107385,Grötzingen,AC score=70; ist_ac=4
,AC-0063,Geplant 2030,Normalladeeinrichtung,2,22,,,,,Karlsruhe,,,49.04668515,8.3813619,Neureut,AC score=70; ist_ac=3
,AC-0064,Geplant 2030,Normalladeeinrichtung,2,22,,,,,Karlsruhe,,,49.0056806,8.506414,Grötzingen,AC score=70; ist_ac=4
,AC-0065,Geplant 2030,Normalladeeinrichtung,2,22,,,,,Karlsruhe,,,48.9751909,8.4059237,Rüppurr,AC score=70; ist_ac=4
,AC-0066,Geplant 2030,Normalladeeinrichtung,2,22,,,,,Karlsruhe,,,48.98663648,8.36037892,Oberreut,AC score=70; ist_ac=0
,AC-0067,Geplant 2030,Normalladeeinrichtung,2,22,,,,,Karlsruhe,,,49.03244275,8.454075425,Hagsfeld,AC score=70; ist_ac=10
,AC-0068,Geplant 2030,Normalladeeinrichtung,2,22,,,,,Karlsruhe,,,49.0011531,8.5057593,Grötzingen,AC score=70; ist_ac=4
,AC-0069,Geplant 2030,Normalladeeinrichtung,2,22,,,,,Karlsruhe,,,48.9860516,8.3615715,Oberreut,AC score=70; ist_ac=0
,AC-0070,Geplant 2030,Normalladeeinrichtung,2,22,,,,,Karlsruhe,,,49.031814600000004,8.45399305,Hagsfeld,AC score=70; ist_ac=10
,AC-0071,Geplant 2030,Normalladeeinrichtung,2,22,,,,,Karlsruhe,,,48.9871259,8.3617481,Oberreut,AC score=70; ist_ac=0
,AC-0072,Geplant 2030,Normalladeeinrichtung,2,22,,,,,Karlsruhe,,,49.03381293333334,8.447539,Waldstadt,AC score=70; ist_ac=6
,AC-0073,Geplant 2030,Normalladeeinrichtung,2,22,,,,,Karlsruhe,,,49.0468211,8.38426845,Neureut,AC score=70; ist_ac=3
,AC-0074,Geplant 2030,Normalladeeinrichtung,2,22,,,,,Karlsruhe,,,49.0345447,8.4435661,Waldstadt,AC score=70; ist_ac=6
,AC-0075,Geplant 2030,Normalladeeinrichtung,2,22,,,,,Karlsruhe,,,49.0586886,8.3994175,Neureut,AC score=70; ist_ac=3
,AC-0076,Geplant 2030,Normalladeeinrichtung,2,22,,,,,Karlsruhe,,,48.9755988,8.4122085,Rüppurr,AC score=70; ist_ac=4
,AC-0077,Geplant 2030,Normalladeeinrichtung,2,22,,,,,Karlsruhe,,,49.0002627,8.502169349999999,Grötzingen,AC score=70; ist_ac=4
,AC-0078,Geplant 2030,Normalladeeinrichtung,2,22,,,,,Karlsruhe,,,49.0363147,8.3436732,Knielingen,AC score=70; ist_ac=6
,AC-0079,Geplant 2030,Normalladeeinrichtung,2,22,,,,,Karlsruhe,,,48.9759023,8.4136577,Rüppurr,AC score=70; ist_ac=4
,AC-0080,Geplant 2030,Normalladeeinrichtung,2,22,,,,,Karlsruhe,,,48.9928015,8.3519089,Grünwinkel,AC score=70; ist_ac=16
,AC-0081,Geplant 2030,Normalladeeinrichtung,2,22,,,,,Karlsruhe,,,49.0040288,8.3561648,Grünwinkel,AC score=70; ist_ac=16
,AC-0082,Geplant 2030,Normalladeeinrichtung,2,22,,,,,Karlsruhe,,,49.0369047,8.3437864,Knielingen,AC score=70; ist_ac=6
,AC-0083,Geplant 2030,Normalladeeinrichtung,2,22,,,,,Karlsruhe,,,48.99962755,8.341039850000001,Daxlanden,AC score=70; ist_ac=0
,AC-0084,Geplant 2030,Normalladeeinrichtung,2,22,,,,,Karlsruhe,,,49.039064266666664,8.311796433333333,Knielingen,AC score=70; ist_ac=6
,AC-0085,Geplant 2030,Normalladeeinrichtung,2,22,,,,,Karlsruhe,,,49.001883649999996,8.342873449999999,Daxlanden,AC score=70; ist_ac=0
,AC-0086,Geplant 2030,Normalladeeinrichtung,2,22,,,,,Karlsruhe,,,49.0372778,8.3441214,Knielingen,AC score=70; ist_ac=6
,AC-0087,Geplant 2030,Normalladeeinrichtung,2,22,,,,,Karlsruhe,,,49.01501015,8.4418366,Rintheim,AC score=70; ist_ac=10
,AC-0088,Geplant 2030,Normalladeeinrichtung,2,22,,,,,Karlsruhe,,,48.9974688,8.3927526,Südweststadt,AC score=70; ist_ac=12
,AC-0089,Geplant 2030,Normalladeeinrichtung,2,22,,,,,Karlsruhe,,,49.0002037,8.3919684,Südweststadt,AC score=70; ist_ac=12
,AC-0090,Geplant 2030,Normalladeeinrichtung,2,22,,,,,Karlsruhe,,,49.01442,8.4404071,Rintheim,AC score=70; ist_ac=10
,AC-0091,Geplant 2030,Normalladeeinrichtung,2,22,,,,,Karlsruhe,,,49.0205072,8.3879432,Nordstadt,AC score=70; ist_ac=7
,AC-0092,Geplant 2030,Normalladeeinrichtung,2,22,,,,,Karlsruhe,,,49.0150118,8.438491599999999,Rintheim,AC score=70; ist_ac=10
,AC-0093,Geplant 2030,Normalladeeinrichtung,2,22,,,,,Karlsruhe,,,49.037008,8.3445251,Knielingen,AC score=70; ist_ac=6
,AC-0094,Geplant 2030,Normalladeeinrichtung,2,22,,,,,Karlsruhe,,,49.0077803,8.4256539,Oststadt,AC score=70; ist_ac=14
,AC-0095,Geplant 2030,Normalladeeinrichtung,2,22,,,,,Karlsruhe,,,48.9903432,8.3791507,Beiertheim-Bulach,AC score=70; ist_ac=2
,AC-0096,Geplant 2030,Normalladeeinrichtung,2,22,,,,,Karlsruhe,,,48.990077,8.3806689,Beiertheim-Bulach,AC score=70; ist_ac=2
,AC-0097,Geplant 2030,Normalladeeinrichtung,2,22,,,,,Karlsruhe,,,48.999962,8.3420332,Daxlanden,AC score=70; ist_ac=0
,AC-0098,Geplant 2030,Normalladeeinrichtung,2,22,,,,,Karlsruhe,,,49.0234881,8.3455351,Knielingen,AC score=70; ist_ac=6
,AC-0099,Geplant 2030,Normalladeeinrichtung,2,22,,,,,Karlsruhe,,,49.0374278,8.34489465,Knielingen,AC score=70; ist_ac=6
,AC-0100,Geplant 2030,Normalladeeinrichtung,2,22,,,,,Karlsruhe,,,49.0378767,8.345232,Knielingen,AC score=70; ist_ac=6
,AC-0101,Geplant 2030,Normalladeeinrichtung,2,22,,,,,Karlsruhe,,,48.99896205,8.34217435,Daxlanden,AC score=70; ist_ac=0
,AC-0102,Geplant 2030,Normalladeeinrichtung,2,22,,,,,Karlsruhe,,,49.013293,8.370603,Weststadt,AC score=70; ist_ac=19
,AC-0103,Geplant 2030,Normalladeeinrichtung,2,22,,,,,Karlsruhe,,,49.01574046666667,8.439885666666667,Rintheim,AC score=70; ist_ac=10
,AC-0104,Geplant 2030,Normalladeeinrichtung,2,22,,,,,Karlsruhe,,,48.9862147,8.3751284,Beiertheim-Bulach,AC score=70; ist_ac=2
,AC-0105,Geplant 2030,Normalladeeinrichtung,2,22,,,,,Karlsruhe,,,49.007655066666665,8.3802395,Weststadt,AC score=70; ist_ac=19
,AC-0106,Geplant 2030,Normalladeeinrichtung,2,22,,,,,Karlsruhe,,,48.9887099,8.365516866666665,Oberreut,AC score=70; ist_ac=0
,AC-0107,Geplant 2030,Normalladeeinrichtung,2,22,,,,,Karlsruhe,,,49.023607999999996,8.37113325,Nordweststadt,AC score=70; ist_ac=18
,AC-0108,Geplant 2030,Normalladeeinrichtung,2,22,,,,,Karlsruhe,,,48.981436099999996,8.405164033333334,Weiherfeld-Dammerstock,AC score=70; ist_ac=6
,AC-0109,Geplant 2030,Normalladeeinrichtung,2,22,,,,,Karlsruhe,,,48.9993102,8.3429199,Daxlanden,AC score=70; ist_ac=0
,AC-0110,Geplant 2030,Normalladeeinrichtung,2,22,,,,,Karlsruhe,,,48.9813459,8.3706676,Oberreut,AC score=70; ist_ac=0
,AC-0111,Geplant 2030,Normalladeeinrichtung,2,22,,,,,Karlsruhe,,,49.0168793,8.3656358,Mühlburg,AC score=70; ist_ac=24
,AC-0112,Geplant 2030,Normalladeeinrichtung,2,22,,,,,Karlsruhe,,,48.9820054,8.3706697,Oberreut,AC score=70; ist_ac=0
,AC-0113,Geplant 2030,Normalladeeinrichtung,2,22,,,,,Karlsruhe,,,49.0073469,8.4938096,Grötzingen,AC score=70; ist_ac=4
,AC-0114,Geplant 2030,Normalladeeinrichtung,2,22,,,,,Karlsruhe,,,49.0073109,8.4944753,Grötzingen,AC score=70; ist_ac=4
,AC-0115,Geplant 2030,Normalladeeinrichtung,2,22,,,,,Karlsruhe,,,48.989567349999994,8.3656375,Oberreut,AC score=70; ist_ac=0
,AC-0116,Geplant 2030,Normalladeeinrichtung,2,22,,,,,Karlsruhe,,,49.00997003333333,8.360446933333334,Mühlburg,AC score=70; ist_ac=24
,AC-0117,Geplant 2030,Normalladeeinrichtung,2,22,,,,,Karlsruhe,,,49.0265515,8.3906868,Nordstadt,AC score=70; ist_ac=7
,AC-0118,Geplant 2030,Normalladeeinrichtung,2,22,,,,,Karlsruhe,,,49.0144562,8.3589031,Mühlburg,AC score=70; ist_ac=24
,AC-0119,Geplant 2030,Normalladeeinrichtung,2,22,,,,,Karlsruhe,,,48.988624800000004,8.366787466666665,Oberreut,AC score=70; ist_ac=0
,AC-0120,Geplant 2030,Normalladeeinrichtung,2,22,,,,,Karlsruhe,,,48.9907254,8.3837244,Beiertheim-Bulach,AC score=70; ist_ac=2
,AC-0121,Geplant 2030,Normalladeeinrichtung,2,22,,,,,Karlsruhe,,,49.0169511,8.4410623,Rintheim,AC score=70; ist_ac=10
,AC-0122,Geplant 2030,Normalladeeinrichtung,2,22,,,,,Karlsruhe,,,48.9908591,8.3845022,Beiertheim-Bulach,AC score=70; ist_ac=2
,AC-0123,Geplant 2030,Normalladeeinrichtung,2,22,,,,,Karlsruhe,,,48.9809872,8.409376,Rüppurr,AC score=70; ist_ac=4
,AC-0124,Geplant 2030,Normalladeeinrichtung,2,22,,,,,Karlsruhe,,,48.990708,8.3993393,Weiherfeld-Dammerstock,AC score=70; ist_ac=6
,AC-0125,Geplant 2030,Normalladeeinrichtung,2,22,,,,,Karlsruhe,,,48.9923746,8.388463,Beiertheim-Bulach,AC score=70; ist_ac=2
,AC-0126,Geplant 2030,Normalladeeinrichtung,2,22,,,,,Karlsruhe,,,48.9797791,8.4110457,Rüppurr,AC score=70; ist_ac=4
,AC-0127,Geplant 2030,Normalladeeinrichtung,2,22,,,,,Karlsruhe,,,48.99315555,8.381950400000001,Beiertheim-Bulach,AC score=70; ist_ac=2
,AC-0128,Geplant 2030,Normalladeeinrichtung,2,22,,,,,Karlsruhe,,,49.03803786666666,8.393764933333335,Neureut,AC score=70; ist_ac=3
,AC-0129,Geplant 2030,Normalladeeinrichtung,2,22,,,,,Karlsruhe,,,49.031626849999995,8.393903025,Nordstadt,AC score=70; ist_ac=7
,AC-0130,Geplant 2030,Normalladeeinrichtung,2,22,,,,,Karlsruhe,,,49.009035600000004,8.406790066666666,Innenstadt-Ost,AC score=70; ist_ac=44
,AC-0131,Geplant 2030,Normalladeeinrichtung,2,22,,,,,Karlsruhe,,,49.0195492,8.4619386,Hagsfeld,AC score=70; ist_ac=10
,AC-0132,Geplant 2030,Normalladeeinrichtung,2,22,,,,,Karlsruhe,,,49.04505852222222,8.394322633333335,Neureut,AC score=70; ist_ac=3
,AC-0133,Geplant 2030,Normalladeeinrichtung,2,22,,,,,Karlsruhe,,,49.0369028,8.392083600000001,Neureut,AC score=70; ist_ac=3
,AC-0134,Geplant 2030,Normalladeeinrichtung,2,22,,,,,Karlsruhe,,,48.993482766666666,8.385068133333334,Beiertheim-Bulach,AC score=70; ist_ac=2
,AC-0135,Geplant 2030,Normalladeeinrichtung,2,22,,,,,Karlsruhe,,,49.0537011,8.3923935,Neureut,AC score=70; ist_ac=3
,AC-0136,Geplant 2030,Normalladeeinrichtung,2,22,,,,,Karlsruhe,,,49.0777016,8.4112089,Neureut,AC score=55; ist_ac=3
,AC-0137,Geplant 2030,Normalladeeinrichtung,2,22,,,,,Karlsruhe,,,48.9545827,8.452798,Grünwettersbach,AC score=55; ist_ac=0
,AC-0138,Geplant 2030,Normalladeeinrichtung,2,22,,,,,Karlsruhe,,,48.95569677142857,8.4603175,Grünwettersbach,AC score=55; ist_ac=0
,AC-0139,Geplant 2030,Normalladeeinrichtung,2,22,,,,,Karlsruhe,,,48.9596004,8.4604372,Grünwettersbach,AC score=55; ist_ac=0
,AC-0140,Geplant 2030,Normalladeeinrichtung,2,22,,,,,Karlsruhe,,,49.048986,8.4303125,Waldstadt,AC score=55; ist_ac=6
,AC-0141,Geplant 2030,Normalladeeinrichtung,2,22,,,,,Karlsruhe,,,48.9969711,8.2943265,Daxlanden,AC score=55; ist_ac=0
,AC-0142,Geplant 2030,Normalladeeinrichtung,2,22,,,,,Karlsruhe,,,48.9599602,8.4628044,Grünwettersbach,AC score=55; ist_ac=0
,AC-0143,Geplant 2030,Normalladeeinrichtung,2,22,,,,,Karlsruhe,,,49.045413,8.4552102,Hagsfeld,AC score=55; ist_ac=10
,AC-0144,Geplant 2030,Normalladeeinrichtung,2,22,,,,,Karlsruhe,,,48.9643569,8.4646951,Grünwettersbach,AC score=55; ist_ac=0
,AC-0145,Geplant 2030,Normalladeeinrichtung,2,22,,,,,Karlsruhe,,,49.04668115,8.4346399,Waldstadt,AC score=55; ist_ac=6
,AC-0146,Geplant 2030,Normalladeeinrichtung,2,22,,,,,Karlsruhe,,,48.9985167,8.2941909,Daxlanden,AC score=55; ist_ac=0
,AC-0147,Geplant 2030,Normalladeeinrichtung,2,22,,,,,Karlsruhe,,,49.0516568,8.4253846,Waldstadt,AC score=55; ist_ac=6
,AC-0148,Geplant 2030,Normalladeeinrichtung,2,22,,,,,Karlsruhe,,,48.9581608,8.4655455,Grünwettersbach,AC score=55; ist_ac=0
,AC-0149,Geplant 2030,Normalladeeinrichtung,2,22,,,,,Karlsruhe,,,49.01663165,8.521592,Grötzingen,AC score=55; ist_ac=4
,AC-0150,Geplant 2030,Normalladeeinrichtung,2,22,,,,,Karlsruhe,,,49.016020049999995,8.5210269,Grötzingen,AC score=55; ist_ac=4
,AC-0151,Geplant 2030,Normalladeeinrichtung,2,22,,,,,Karlsruhe,,,48.9576263,8.4665777,Grünwettersbach,AC score=55; ist_ac=0
,AC-0152,Geplant 2030,Normalladeeinrichtung,2,22,,,,,Karlsruhe,,,49.01668935,8.5206935,Grötzingen,AC score=55; ist_ac=4
,AC-0153,Geplant 2030,Normalladeeinrichtung,2,22,,,,,Karlsruhe,,,48.9993569,8.2970005,Daxlanden,AC score=55; ist_ac=0
,AC-0154,Geplant 2030,Normalladeeinrichtung,2,22,,,,,Karlsruhe,,,48.9719548,8.4763625,Hohenwettersbach,AC score=55; ist_ac=2
,AC-0155,Geplant 2030,Normalladeeinrichtung,2,22,,,,,Karlsruhe,,,48.9579258,8.4675587,Grünwettersbach,AC score=55; ist_ac=0
,AC-0156,Geplant 2030,Normalladeeinrichtung,2,22,,,,,Karlsruhe,,,48.9726744,8.4789386,Hohenwettersbach,AC score=55; ist_ac=2
,AC-0157,Geplant 2030,Normalladeeinrichtung,2,22,,,,,Karlsruhe,,,48.9565759,8.468072,Grünwettersbach,AC score=55; ist_ac=0
,AC-0158,Geplant 2030,Normalladeeinrichtung,2,22,,,,,Karlsruhe,,,48.9573953,8.4681814,Grünwettersbach,AC score=55; ist_ac=0
,AC-0159,Geplant 2030,Normalladeeinrichtung,2,22,,,,,Karlsruhe,,,49.0356383,8.4725293,Grötzingen,AC score=55; ist_ac=4
,AC-0160,Geplant 2030,Normalladeeinrichtung,2,22,,,,,Karlsruhe,,,48.9648995,8.470909,Hohenwettersbach,AC score=55; ist_ac=2
,AC-0161,Geplant 2030,Normalladeeinrichtung,2,22,,,,,Karlsruhe,,,48.9702248,8.4447026,Wolfartsweier,AC score=55; ist_ac=0
,AC-0162,Geplant 2030,Normalladeeinrichtung,2,22,,,,,Karlsruhe,,,48.96421425,8.470807449999999,Hohenwettersbach,AC score=55; ist_ac=2
,AC-0163,Geplant 2030,Normalladeeinrichtung,2,22,,,,,Karlsruhe,,,48.95554619999999,8.470109233333334,Grünwettersbach,AC score=55; ist_ac=0
,AC-0164,Geplant 2030,Normalladeeinrichtung,2,22,,,,,Karlsruhe,,,48.9565605,8.4698457,Grünwettersbach,AC score=55; ist_ac=0
,AC-0165,Geplant 2030,Normalladeeinrichtung,2,22,,,,,Karlsruhe,,,48.9708934,8.4439484,Wolfartsweier,AC score=55; ist_ac=0
,AC-0166,Geplant 2030,Normalladeeinrichtung,2,22,,,,,Karlsruhe,,,48.9716425,8.455175,Grünwettersbach,AC score=55; ist_ac=0
,AC-0167,Geplant 2030,Normalladeeinrichtung,2,22,,,,,Karlsruhe,,,48.9890167,8.3314328,Daxlanden,AC score=55; ist_ac=0
,AC-0168,Geplant 2030,Normalladeeinrichtung,2,22,,,,,Karlsruhe,,,48.9888256,8.3322594,Daxlanden,AC score=55; ist_ac=0
,AC-0169,Geplant 2030,Normalladeeinrichtung,2,22,,,,,Karlsruhe,,,48.98965936666667,8.331233966666666,Daxlanden,AC score=55; ist_ac=0
,AC-0170,Geplant 2030,Normalladeeinrichtung,2,22,,,,,Karlsruhe,,,48.957133400000004,8.471063350000001,Grünwettersbach,AC score=55; ist_ac=0
,AC-0171,Geplant 2030,Normalladeeinrichtung,2,22,,,,,Karlsruhe,,,48.9995412,8.3090341,Daxlanden,AC score=55; ist_ac=0
,AC-0172,Geplant 2030,Normalladeeinrichtung,2,22,,,,,Karlsruhe,,,48.9729839,8.455566,Wolfartsweier,AC score=55; ist_ac=0
,AC-0173,Geplant 2030,Normalladeeinrichtung,2,22,,,,,Karlsruhe,,,48.9899529,8.3330867,Daxlanden,AC score=55; ist_ac=0
,AC-0174,Geplant 2030,Normalladeeinrichtung,2,22,,,,,Karlsruhe,,,49.0017663,8.3246147,Daxlanden,AC score=55; ist_ac=0
,AC-0175,Geplant 2030,Normalladeeinrichtung,2,22,,,,,Karlsruhe,,,48.9653889,8.4757785,Hohenwettersbach,AC score=55; ist_ac=2
,AC-0176,Geplant 2030,Normalladeeinrichtung,2,22,,,,,Karlsruhe,,,48.9727709,8.449823,Wolfartsweier,AC score=55; ist_ac=0
,AC-0177,Geplant 2030,Normalladeeinrichtung,2,22,,,,,Karlsruhe,,,49.0008186,8.3110176,Daxlanden,AC score=55; ist_ac=0
,AC-0178,Geplant 2030,Normalladeeinrichtung,2,22,,,,,Karlsruhe,,,48.9514932,8.4722348,Grünwettersbach,AC score=55; ist_ac=0
,AC-0179,Geplant 2030,Normalladeeinrichtung,2,22,,,,,Karlsruhe,,,48.9656609,8.4763298,Hohenwettersbach,AC score=55; ist_ac=2
,AC-0180,Geplant 2030,Normalladeeinrichtung,2,22,,,,,Karlsruhe,,,48.9510366,8.4718351,Grünwettersbach,AC score=55; ist_ac=0
,AC-0181,Geplant 2030,Normalladeeinrichtung,2,22,,,,,Karlsruhe,,,48.9928824,8.3315477,Daxlanden,AC score=55; ist_ac=0
,AC-0182,Geplant 2030,Normalladeeinrichtung,2,22,,,,,Karlsruhe,,,49.0028672,8.3210315,Daxlanden,AC score=55; ist_ac=0
,AC-0183,Geplant 2030,Normalladeeinrichtung,2,22,,,,,Karlsruhe,,,49.0011899,8.31280715,Daxlanden,AC score=55; ist_ac=0
,AC-0184,Geplant 2030,Normalladeeinrichtung,2,22,,,,,Karlsruhe,,,48.96654435,8.47790255,Hohenwettersbach,AC score=55; ist_ac=2
,AC-0185,Geplant 2030,Normalladeeinrichtung,2,22,,,,,Karlsruhe,,,48.9673709,8.4795445,Hohenwettersbach,AC score=55; ist_ac=2
,AC-0186,Geplant 2030,Normalladeeinrichtung,2,22,,,,,Karlsruhe,,,48.9582558,8.4744409,Grünwettersbach,AC score=55; ist_ac=0
,AC-0187,Geplant 2030,Normalladeeinrichtung,2,22,,,,,Karlsruhe,,,48.9920881,8.3335684,Daxlanden,AC score=55; ist_ac=0
,AC-0188,Geplant 2030,Normalladeeinrichtung,2,22,,,,,Karlsruhe,,,48.950376,8.4729549,Grünwettersbach,AC score=55; ist_ac=0
,AC-0189,Geplant 2030,Normalladeeinrichtung,2,22,,,,,Karlsruhe,,,48.98495333333333,8.355318433333332,Oberreut,AC score=55; ist_ac=0
,AC-0190,Geplant 2030,Normalladeeinrichtung,2,22,,,,,Karlsruhe,,,48.9538152,8.4768912,Grünwettersbach,AC score=55; ist_ac=0
,AC-0191,Geplant 2030,Normalladeeinrichtung,2,22,,,,,Karlsruhe,,,48.9911085,8.3349581,Daxlanden,AC score=55; ist_ac=0
,AC-0192,Geplant 2030,Normalladeeinrichtung,2,22,,,,,Karlsruhe,,,49.0015036,8.3274564,Daxlanden,AC score=55; ist_ac=0
,AC-0193,Geplant 2030,Normalladeeinrichtung,2,22,,,,,Karlsruhe,,,48.992988,8.3331301,Daxlanden,AC score=55; ist_ac=0
,AC-0194,Geplant 2030,Normalladeeinrichtung,2,22,,,,,Karlsruhe,,,48.9586187,8.4751823,Grünwettersbach,AC score=55; ist_ac=0
,AC-0195,Geplant 2030,Normalladeeinrichtung,2,22,,,,,Karlsruhe,,,49.0045521,8.3221932,Daxlanden,AC score=55; ist_ac=0
,AC-0196,Geplant 2030,Normalladeeinrichtung,2,22,,,,,Karlsruhe,,,49.0023847,8.3151559,Daxlanden,AC score=55; ist_ac=0
,AC-0197,Geplant 2030,Normalladeeinrichtung,2,22,,,,,Karlsruhe,,,49.0041406,8.3212567,Daxlanden,AC score=55; ist_ac=0
,AC-0198,Geplant 2030,Normalladeeinrichtung,2,22,,,,,Karlsruhe,,,48.9652454,8.478179,Hohenwettersbach,AC score=55; ist_ac=2
,AC-0199,Geplant 2030,Normalladeeinrichtung,2,22,,,,,Karlsruhe,,,48.9530839,8.4772116,Grünwettersbach,AC score=55; ist_ac=0
,AC-0200,Geplant 2030,Normalladeeinrichtung,2,22,,,,,Karlsruhe,,,49.00517485,8.322815850000001,Daxlanden,AC score=55; ist_ac=0
,AC-0201,Geplant 2030,Normalladeeinrichtung,2,22,,,,,Karlsruhe,,,48.9941743,8.3328424,Daxlanden,AC score=55; ist_ac=0
,AC-0202,Geplant 2030,Normalladeeinrichtung,2,22,,,,,Karlsruhe,,,48.9925539,8.334168,Daxlanden,AC score=55; ist_ac=0
,AC-0203,Geplant 2030,Normalladeeinrichtung,2,22,,,,,Karlsruhe,,,48.9830561,8.3578348,Oberreut,AC score=55; ist_ac=0
,AC-0204,Geplant 2030,Normalladeeinrichtung,2,22,,,,,Karlsruhe,,,49.024581,8.4055576,Nordstadt,AC score=55; ist_ac=7
,AC-0205,Geplant 2030,Normalladeeinrichtung,2,22,,,,,Karlsruhe,,,48.9849095,8.3562417,Oberreut,AC score=55; ist_ac=0
,AC-0206,Geplant 2030,Normalladeeinrichtung,2,22,,,,,Karlsruhe,,,49.003674450000005,8.318711050000001,Daxlanden,AC score=55; ist_ac=0
,AC-0207,Geplant 2030,Normalladeeinrichtung,2,22,,,,,Karlsruhe,,,48.9534354,8.4781189,Grünwettersbach,AC score=55; ist_ac=0
,AC-0208,Geplant 2030,Normalladeeinrichtung,2,22,,,,,Karlsruhe,,,48.9854459,8.3559857,Oberreut,AC score=55; ist_ac=0
,AC-0209,Geplant 2030,Normalladeeinrichtung,2,22,,,,,Karlsruhe,,,49.0031771,8.316316,Daxlanden,AC score=55; ist_ac=0
,AC-0210,Geplant 2030,Normalladeeinrichtung,2,22,,,,,Karlsruhe,,,49.0048736,8.3262926,Daxlanden,AC score=55; ist_ac=0
,AC-0211,Geplant 2030,Normalladeeinrichtung,2,22,,,,,Karlsruhe,,,48.9938205,8.3337759,Daxlanden,AC score=55; ist_ac=0
,AC-0212,Geplant 2030,Normalladeeinrichtung,2,22,,,,,Karlsruhe,,,48.9752557,8.4525984,Wolfartsweier,AC score=55; ist_ac=0
,AC-0213,Geplant 2030,Normalladeeinrichtung,2,22,,,,,Karlsruhe,,,48.985442,8.3565731,Oberreut,AC score=55; ist_ac=0
,AC-0214,Geplant 2030,Normalladeeinrichtung,2,22,,,,,Karlsruhe,,,49.0049791,8.320789,Daxlanden,AC score=55; ist_ac=0
,AC-0215,Geplant 2030,Normalladeeinrichtung,2,22,,,,,Karlsruhe,,,48.9792808,8.460712,Wolfartsweier,AC score=55; ist_ac=0
,AC-0216,Geplant 2030,Normalladeeinrichtung,2,22,,,,,Karlsruhe,,,48.9935563,8.3344667,Daxlanden,AC score=55; ist_ac=0
,AC-0217,Geplant 2030,Normalladeeinrichtung,2,22,,,,,Karlsruhe,,,49.0055399,8.3268562,Daxlanden,AC score=55; ist_ac=0
,AC-0218,Geplant 2030,Normalladeeinrichtung,2,22,,,,,Karlsruhe,,,48.952716,8.4789832,Grünwettersbach,AC score=55; ist_ac=0
,AC-0219,Geplant 2030,Normalladeeinrichtung,2,22,,,,,Karlsruhe,,,48.9932328,8.3351292,Daxlanden,AC score=55; ist_ac=0
,AC-0220,Geplant 2030,Normalladeeinrichtung,2,22,,,,,Karlsruhe,,,48.97763645,8.45760355,Wolfartsweier,AC score=55; ist_ac=0
,AC-0221,Geplant 2030,Normalladeeinrichtung,2,22,,,,,Karlsruhe,,,48.985358,8.357405,Oberreut,AC score=55; ist_ac=0
,AC-0222,Geplant 2030,Normalladeeinrichtung,2,22,,,,,Karlsruhe,,,49.004061,8.3166104,Daxlanden,AC score=55; ist_ac=0
,AC-0223,Geplant 2030,Normalladeeinrichtung,2,22,,,,,Karlsruhe,,,48.9759132,8.4525313,Wolfartsweier,AC score=55; ist_ac=0
,AC-0224,Geplant 2030,Normalladeeinrichtung,2,22,,,,,Karlsruhe,,,48.9916623,8.3371973,Daxlanden,AC score=55; ist_ac=0
,AC-0225,Geplant 2030,Normalladeeinrichtung,2,22,,,,,Karlsruhe,,,48.98682115,8.356913200000001,Oberreut,AC score=55; ist_ac=0
,AC-0226,Geplant 2030,Normalladeeinrichtung,2,22,,,,,Karlsruhe,,,49.0032664,8.3289221,Daxlanden,AC score=55; ist_ac=0
,AC-0227,Geplant 2030,Normalladeeinrichtung,2,22,,,,,Karlsruhe,,,48.9775156,8.4563386,Wolfartsweier,AC score=55; ist_ac=0
,AC-0228,Geplant 2030,Normalladeeinrichtung,2,22,,,,,Karlsruhe,,,49.0045138,8.3167031,Daxlanden,AC score=55; ist_ac=0
,AC-0229,Geplant 2030,Normalladeeinrichtung,2,22,,,,,Karlsruhe,,,48.9562659,8.4784384,Grünwettersbach,AC score=55; ist_ac=0
,AC-0230,Geplant 2030,Normalladeeinrichtung,2,22,,,,,Karlsruhe,,,48.9872048,8.3570515,Oberreut,AC score=55; ist_ac=0
,AC-0231,Geplant 2030,Normalladeeinrichtung,2,22,,,,,Karlsruhe,,,48.966458779999996,8.48363286,Hohenwettersbach,AC score=55; ist_ac=2
,AC-0232,Geplant 2030,Normalladeeinrichtung,2,22,,,,,Karlsruhe,,,49.0245683,8.4017582,Nordstadt,AC score=55; ist_ac=7
,AC-0233,Geplant 2030,Normalladeeinrichtung,2,22,,,,,Karlsruhe,,,48.9993379,8.3343877,Daxlanden,AC score=55; ist_ac=0
,AC-0234,Geplant 2030,Normalladeeinrichtung,2,22,,,,,Karlsruhe,,,49.021739,8.4114861,Innenstadt-Ost,AC score=55; ist_ac=44
,AC-0235,Geplant 2030,Normalladeeinrichtung,2,22,,,,,Karlsruhe,,,48.978555,8.4570679,Wolfartsweier,AC score=55; ist_ac=0
,AC-0236,Geplant 2030,Normalladeeinrichtung,2,22,,,,,Karlsruhe,,,48.9836412,8.3608153,Oberreut,AC score=55; ist_ac=0
,AC-0237,Geplant 2030,Normalladeeinrichtung,2,22,,,,,Karlsruhe,,,48.9870289,8.3578839,Oberreut,AC score=55; ist_ac=0
,AC-0238,Geplant 2030,Normalladeeinrichtung,2,22,,,,,Karlsruhe,,,48.9858014,8.358831825,Oberreut,AC score=55; ist_ac=0
,AC-0239,Geplant 2030,Normalladeeinrichtung,2,22,,,,,Karlsruhe,,,49.0012351,8.3324105,Daxlanden,AC score=55; ist_ac=0
,AC-0240,Geplant 2030,Normalladeeinrichtung,2,22,,,,,Karlsruhe,,,48.965863066666664,8.483582633333333,Hohenwettersbach,AC score=55; ist_ac=2
,AC-0241,Geplant 2030,Normalladeeinrichtung,2,22,,,,,Karlsruhe,,,48.9558505,8.479667,Grünwettersbach,AC score=55; ist_ac=0
,AC-0242,Geplant 2030,Normalladeeinrichtung,2,22,,,,,Karlsruhe,,,48.97768,8.454194166666666,Wolfartsweier,AC score=55; ist_ac=0
,AC-0243,Geplant 2030,Normalladeeinrichtung,2,22,,,,,Karlsruhe,,,48.9662432,8.4849756,Hohenwettersbach,AC score=55; ist_ac=2
,AC-0244,Geplant 2030,Normalladeeinrichtung,2,22,,,,,Karlsruhe,,,48.9852811125,8.360066750000001,Oberreut,AC score=55; ist_ac=0
,AC-0245,Geplant 2030,Normalladeeinrichtung,2,22,,,,,Karlsruhe,,,48.993123218181815,8.338394709090908,Daxlanden,AC score=55; ist_ac=0
,AC-0246,Geplant 2030,Normalladeeinrichtung,2,22,,,,,Karlsruhe,,,48.985879249999996,8.3598558,Oberreut,AC score=55; ist_ac=0
,AC-0247,Geplant 2030,Normalladeeinrichtung,2,22,,,,,Karlsruhe,,,48.98750452857143,8.358860414285715,Oberreut,AC score=55; ist_ac=0
,AC-0248,Geplant 2030,Normalladeeinrichtung,2,22,,,,,Karlsruhe,,,49.008139,8.3211419,Daxlanden,AC score=55; ist_ac=0
,AC-0249,Geplant 2030,Normalladeeinrichtung,2,22,,,,,Karlsruhe,,,49.0006633,8.3352366,Daxlanden,AC score=55; ist_ac=0
,AC-0250,Geplant 2030,Normalladeeinrichtung,2,22,,,,,Karlsruhe,,,49.0302957,8.4060587,Nordstadt,AC score=55; ist_ac=7
,AC-0251,Geplant 2030,Normalladeeinrichtung,2,22,,,,,Karlsruhe,,,48.9844187,8.3617684,Oberreut,AC score=55; ist_ac=0
,AC-0252,Geplant 2030,Normalladeeinrichtung,2,22,,,,,Karlsruhe,,,49.0000499,8.3366274,Daxlanden,AC score=55; ist_ac=0
,AC-0253,Geplant 2030,Normalladeeinrichtung,2,22,,,,,Karlsruhe,,,48.97789805,8.4513091,Wolfartsweier,AC score=55; ist_ac=0
,AC-0254,Geplant 2030,Normalladeeinrichtung,2,22,,,,,Karlsruhe,,,48.9873462,8.3602795,Oberreut,AC score=55; ist_ac=0
,AC-0255,Geplant 2030,Normalladeeinrichtung,2,22,,,,,Karlsruhe,,,48.9813372,8.3885962,Weiherfeld-Dammerstock,AC score=55; ist_ac=6
,AC-0256,Geplant 2030,Normalladeeinrichtung,2,22,,,,,Karlsruhe,,,48.9807385,8.3649929,Oberreut,AC score=55; ist_ac=0
,AC-0257,Geplant 2030,Normalladeeinrichtung,2,22,,,,,Karlsruhe,,,48.981778,8.3903041,Weiherfeld-Dammerstock,AC score=55; ist_ac=6
,AC-0258,Geplant 2030,Normalladeeinrichtung,2,22,,,,,Karlsruhe,,,48.9824861,8.3900226,Weiherfeld-Dammerstock,AC score=55; ist_ac=6
,AC-0259,Geplant 2030,Normalladeeinrichtung,2,22,,,,,Karlsruhe,,,48.9935642,8.3397622,Daxlanden,AC score=55; ist_ac=0
,AC-0260,Geplant 2030,Normalladeeinrichtung,2,22,,,,,Karlsruhe,,,48.9891437,8.3598839,Oberreut,AC score=55; ist_ac=0
,AC-0261,Geplant 2030,Normalladeeinrichtung,2,22,,,,,Karlsruhe,,,48.9843297,8.3636009,Oberreut,AC score=55; ist_ac=0
,AC-0262,Geplant 2030,Normalladeeinrichtung,2,22,,,,,Karlsruhe,,,48.975312,8.3714527,Beiertheim-Bulach,AC score=55; ist_ac=2
,AC-0263,Geplant 2030,Normalladeeinrichtung,2,22,,,,,Karlsruhe,,,48.9871171,8.360874,Oberreut,AC score=55; ist_ac=0
,AC-0264,Geplant 2030,Normalladeeinrichtung,2,22,,,,,Karlsruhe,,,48.95680009333333,8.481989666666665,Grünwettersbach,AC score=55; ist_ac=0
,AC-0265,Geplant 2030,Normalladeeinrichtung,2,22,,,,,Karlsruhe,,,48.981963,8.3881644,Weiherfeld-Dammerstock,AC score=55; ist_ac=6
,AC-0266,Geplant 2030,Normalladeeinrichtung,2,22,,,,,Karlsruhe,,,48.9771399,8.3682442,Beiertheim-Bulach,AC score=55; ist_ac=2
,AC-0267,Geplant 2030,Normalladeeinrichtung,2,22,,,,,Karlsruhe,,,48.9802822,8.3659727,Oberreut,AC score=55; ist_ac=0
,AC-0268,Geplant 2030,Normalladeeinrichtung,2,22,,,,,Karlsruhe,,,48.9981528,8.3379143,Daxlanden,AC score=55; ist_ac=0
,AC-0269,Geplant 2030,Normalladeeinrichtung,2,22,,,,,Karlsruhe,,,49.0045313,8.3327927,Daxlanden,AC score=55; ist_ac=0
,AC-0270,Geplant 2030,Normalladeeinrichtung,2,22,,,,,Karlsruhe,,,48.9891252,8.3606662,Oberreut,AC score=55; ist_ac=0
,AC-0271,Geplant 2030,Normalladeeinrichtung,2,22,,,,,Karlsruhe,,,48.9443519,8.4775869,Palmbach,AC score=55; ist_ac=4
,AC-0272,Geplant 2030,Normalladeeinrichtung,2,22,,,,,Karlsruhe,,,49.0069568,8.3141168,Daxlanden,AC score=55; ist_ac=0
,AC-0273,Geplant 2030,Normalladeeinrichtung,2,22,,,,,Karlsruhe,,,48.9758492,8.3718134,Beiertheim-Bulach,AC score=55; ist_ac=2
,AC-0274,Geplant 2030,Normalladeeinrichtung,2,22,,,,,Karlsruhe,,,48.98797855714286,8.361273271428571,Oberreut,AC score=55; ist_ac=0
,AC-0275,Geplant 2030,Normalladeeinrichtung,2,22,,,,,Karlsruhe,,,49.0069747,8.3135604,Daxlanden,AC score=55; ist_ac=0
,AC-0276,Geplant 2030,Normalladeeinrichtung,2,22,,,,,Karlsruhe,,,48.9948399,8.3398771,Daxlanden,AC score=55; ist_ac=0
,AC-0277,Geplant 2030,Normalladeeinrichtung,2,22,,,,,Karlsruhe,,,48.9820813,8.366211857142858,Oberreut,AC score=55; ist_ac=0
,AC-0278,Geplant 2030,Normalladeeinrichtung,2,22,,,,,Karlsruhe,,,48.975708,8.3728636,Beiertheim-Bulach,AC score=55; ist_ac=2
,AC-0279,Geplant 2030,Normalladeeinrichtung,2,22,,,,,Karlsruhe,,,48.9980454,8.3385854,Daxlanden,AC score=55; ist_ac=0
,AC-0280,Geplant 2030,Normalladeeinrichtung,2,22,,,,,Karlsruhe,,,48.98442,8.3655165,Oberreut,AC score=55; ist_ac=0
,AC-0281,Geplant 2030,Normalladeeinrichtung,2,22,,,,,Karlsruhe,,,48.9798663,8.3669576,Oberreut,AC score=55; ist_ac=0
,AC-0282,Geplant 2030,Normalladeeinrichtung,2,22,,,,,Karlsruhe,,,48.948953,8.4810159,Palmbach,AC score=55; ist_ac=4
,AC-0283,Geplant 2030,Normalladeeinrichtung,2,22,,,,,Karlsruhe,,,48.9771172,8.3697989,Beiertheim-Bulach,AC score=55; ist_ac=2
,AC-0284,Geplant 2030,Normalladeeinrichtung,2,22,,,,,Karlsruhe,,,49.0071678,8.3094086,Daxlanden,AC score=55; ist_ac=0
,AC-0285,Geplant 2030,Normalladeeinrichtung,2,22,,,,,Karlsruhe,,,48.9476246,8.5081139,Stupferich,AC score=55; ist_ac=8
,AC-0286,Geplant 2030,Normalladeeinrichtung,2,22,,,,,Karlsruhe,,,48.985920199999995,8.3635258,Oberreut,AC score=55; ist_ac=0
,AC-0287,Geplant 2030,Normalladeeinrichtung,2,22,,,,,Karlsruhe,,,48.978716,8.36809,Oberreut,AC score=55; ist_ac=0
,AC-0288,Geplant 2030,Normalladeeinrichtung,2,22,,,,,Karlsruhe,,,48.992127100000005,8.36111045,Oberreut,AC score=55; ist_ac=0
,AC-0289,Geplant 2030,Normalladeeinrichtung,2,22,,,,,Karlsruhe,,,49.0024959,8.3368399,Daxlanden,AC score=55; ist_ac=0
,AC-0290,Geplant 2030,Normalladeeinrichtung,2,22,,,,,Karlsruhe,,,48.947357749999995,8.4799843,Palmbach,AC score=55; ist_ac=4
,AC-0291,Geplant 2030,Normalladeeinrichtung,2,22,,,,,Karlsruhe,,,48.9442193,8.4788148,Palmbach,AC score=55; ist_ac=4
,AC-0292,Geplant 2030,Normalladeeinrichtung,2,22,,,,,Karlsruhe,,,48.98165616666667,8.367149466666666,Oberreut,AC score=55; ist_ac=0
,AC-0293,Geplant 2030,Normalladeeinrichtung,2,22,,,,,Karlsruhe,,,48.9796506,8.36805506,Oberreut,AC score=55; ist_ac=0
,AC-0294,Geplant 2030,Normalladeeinrichtung,2,22,,,,,Karlsruhe,,,48.9843496,8.3676351,Oberreut,AC score=55; ist_ac=0
,AC-0295,Geplant 2030,Normalladeeinrichtung,2,22,,,,,Karlsruhe,,,48.9872843,8.363127233333334,Oberreut,AC score=55; ist_ac=0
,AC-0296,Geplant 2030,Normalladeeinrichtung,2,22,,,,,Karlsruhe,,,48.98965390000001,8.362302783333332,Oberreut,AC score=55; ist_ac=0
,AC-0297,Geplant 2030,Normalladeeinrichtung,2,22,,,,,Karlsruhe,,,48.9791071,8.368764,Oberreut,AC score=55; ist_ac=0
,AC-0298,Geplant 2030,Normalladeeinrichtung,2,22,,,,,Karlsruhe,,,48.9482555,8.5095041,Stupferich,AC score=55; ist_ac=8
,AC-0299,Geplant 2030,Normalladeeinrichtung,2,22,,,,,Karlsruhe,,,48.9474386,8.4807721,Palmbach,AC score=55; ist_ac=4
,AC-0300,Geplant 2030,Normalladeeinrichtung,2,22,,,,,Karlsruhe,,,48.950955366666676,8.501479266666665,Stupferich,AC score=55; ist_ac=8
,AC-0301,Geplant 2030,Normalladeeinrichtung,2,22,,,,,Karlsruhe,,,48.9853388,8.3659895,Oberreut,AC score=55; ist_ac=0
,AC-0302,Geplant 2030,Normalladeeinrichtung,2,22,,,,,Karlsruhe,,,48.9882804,8.3942352,Weiherfeld-Dammerstock,AC score=55; ist_ac=6
,AC-0303,Geplant 2030,Normalladeeinrichtung,2,22,,,,,Karlsruhe,,,48.980611700000004,8.36811316,Oberreut,AC score=55; ist_ac=0
,AC-0304,Geplant 2030,Normalladeeinrichtung,2,22,,,,,Karlsruhe,,,48.9523237,8.5172786,Stupferich,AC score=55; ist_ac=8
,AC-0305,Geplant 2030,Normalladeeinrichtung,2,22,,,,,Karlsruhe,,,49.0008375,8.3410334,Daxlanden,AC score=55; ist_ac=0
,AC-0306,Geplant 2030,Normalladeeinrichtung,2,22,,,,,Karlsruhe,,,48.987216,8.3638884,Oberreut,AC score=55; ist_ac=0
,AC-0307,Geplant 2030,Normalladeeinrichtung,2,22,,,,,Karlsruhe,,,49.0014896,8.3417053,Daxlanden,AC score=55; ist_ac=0
,AC-0308,Geplant 2030,Normalladeeinrichtung,2,22,,,,,Karlsruhe,,,48.98677635,8.364390675,Oberreut,AC score=55; ist_ac=0
,AC-0309,Geplant 2030,Normalladeeinrichtung,2,22,,,,,Karlsruhe,,,48.9977671,8.3699006,Beiertheim-Bulach,AC score=55; ist_ac=2
,AC-0310,Geplant 2030,Normalladeeinrichtung,2,22,,,,,Karlsruhe,,,49.0352075,8.3728853,Nordweststadt,AC score=55; ist_ac=18
,AC-0311,Geplant 2030,Normalladeeinrichtung,2,22,,,,,Karlsruhe,,,48.98802535,8.3638556,Oberreut,AC score=55; ist_ac=0
,AC-0312,Geplant 2030,Normalladeeinrichtung,2,22,,,,,Karlsruhe,,,48.9524694,8.5163864,Stupferich,AC score=55; ist_ac=8
,AC-0313,Geplant 2030,Normalladeeinrichtung,2,22,,,,,Karlsruhe,,,48.9879959,8.395238,Weiherfeld-Dammerstock,AC score=55; ist_ac=6
,AC-0314,Geplant 2030,Normalladeeinrichtung,2,22,,,,,Karlsruhe,,,49.000831000000005,8.34226405,Daxlanden,AC score=55; ist_ac=0
,AC-0315,Geplant 2030,Normalladeeinrichtung,2,22,,,,,Karlsruhe,,,48.99824853333333,8.341319333333333,Daxlanden,AC score=55; ist_ac=0
,AC-0316,Geplant 2030,Normalladeeinrichtung,2,22,,,,,Karlsruhe,,,48.988708,8.364137549999999,Oberreut,AC score=55; ist_ac=0
,AC-0317,Geplant 2030,Normalladeeinrichtung,2,22,,,,,Karlsruhe,,,48.97962285,8.3702714,Oberreut,AC score=55; ist_ac=0
,AC-0318,Geplant 2030,Normalladeeinrichtung,2,22,,,,,Karlsruhe,,,48.98137842307692,8.369339903846154,Oberreut,AC score=55; ist_ac=0
,AC-0319,Geplant 2030,Normalladeeinrichtung,2,22,,,,,Karlsruhe,,,48.9850609,8.3709982,Oberreut,AC score=55; ist_ac=0
,AC-0320,Geplant 2030,Normalladeeinrichtung,2,22,,,,,Karlsruhe,,,48.9899944,8.364341150000001,Oberreut,AC score=55; ist_ac=0
,AC-0321,Geplant 2030,Normalladeeinrichtung,2,22,,,,,Karlsruhe,,,49.0004042,8.3425772,Daxlanden,AC score=55; ist_ac=0
,AC-0322,Geplant 2030,Normalladeeinrichtung,2,22,,,,,Karlsruhe,,,48.944742,8.4814304,Palmbach,AC score=55; ist_ac=4
,AC-0323,Geplant 2030,Normalladeeinrichtung,2,22,,,,,Karlsruhe,,,49.0031275,8.344045,Daxlanden,AC score=55; ist_ac=0
,AC-0324,Geplant 2030,Normalladeeinrichtung,2,22,,,,,Karlsruhe,,,48.9834954,8.3700878,Oberreut,AC score=55; ist_ac=0
,AC-0325,Geplant 2030,Normalladeeinrichtung,2,22,,,,,Karlsruhe,,,49.001347,8.3439451,Daxlanden,AC score=55; ist_ac=0
,AC-0326,Geplant 2030,Normalladeeinrichtung,2,22,,,,,Karlsruhe,,,48.9809843,8.3702105,Oberreut,AC score=55; ist_ac=0
,AC-0327,Geplant 2030,Normalladeeinrichtung,2,22,,,,,Karlsruhe,,,48.9796573,8.3711852,Oberreut,AC score=55; ist_ac=0
,AC-0328,Geplant 2030,Normalladeeinrichtung,2,22,,,,,Karlsruhe,,,48.9977192,8.3425928,Daxlanden,AC score=55; ist_ac=0
,AC-0329,Geplant 2030,Normalladeeinrichtung,2,22,,,,,Karlsruhe,,,49.0107681,8.3077541,Daxlanden,AC score=55; ist_ac=0
,AC-0330,Geplant 2030,Normalladeeinrichtung,2,22,,,,,Karlsruhe,,,49.0060533,8.3376927,Daxlanden,AC score=55; ist_ac=0
,AC-0331,Geplant 2030,Normalladeeinrichtung,2,22,,,,,Karlsruhe,,,49.004629,8.3399764,Daxlanden,AC score=55; ist_ac=0
,AC-0332,Geplant 2030,Normalladeeinrichtung,2,22,,,,,Karlsruhe,,,48.9456262,8.49062525,Stupferich,AC score=55; ist_ac=8
,AC-0333,Geplant 2030,Normalladeeinrichtung,2,22,,,,,Karlsruhe,,,48.9566259,8.47098,Grünwettersbach,AC score=45; ist_ac=0
,AC-0334,Geplant 2030,Normalladeeinrichtung,2,22,,,,,Karlsruhe,,,48.94586606666667,8.491248433333332,Stupferich,AC score=40; ist_ac=8
,AC-0335,Geplant 2030,Normalladeeinrichtung,2,22,,,,,Karlsruhe,,,48.9449861,8.4892586,Palmbach,AC score=40; ist_ac=4
,AC-0336,Geplant 2030,Normalladeeinrichtung,2,22,,,,,Karlsruhe,,,48.9581223,8.4926094,Hohenwettersbach,AC score=40; ist_ac=2
,AC-0337,Geplant 2030,Normalladeeinrichtung,2,22,,,,,Karlsruhe,,,48.9596575,8.4924364,Hohenwettersbach,AC score=40; ist_ac=2
,AC-0338,Geplant 2030,Normalladeeinrichtung,2,22,,,,,Karlsruhe,,,48.9446639,8.4889299,Palmbach,AC score=40; ist_ac=4
,AC-0339,Geplant 2030,Normalladeeinrichtung,2,22,,,,,Karlsruhe,,,48.9452669,8.4879505,Palmbach,AC score=30; ist_ac=4
,AC-0340,Geplant 2030,Normalladeeinrichtung,2,22,,,,,Karlsruhe,,,48.9517786,8.4703928,Grünwettersbach,AC score=15; ist_ac=0
,AC-0341,Geplant 2030,Normalladeeinrichtung,2,22,,,,,Karlsruhe,,,48.9567773,8.4521288,Grünwettersbach,AC score=5; ist_ac=0
,AC-0342,Geplant 2030,Normalladeeinrichtung,1,22,,,,,Karlsruhe,,,48.9791492,8.4506945,Wolfartsweier,AC score=5; ist_ac=0
,DC-0001,Geplant 2030,Schnellladeeinrichtung,12,300,,,,,Karlsruhe,,,49.0295572,8.34300355,Knielingen,DC-hub score=100 (fuel)
,DC-0002,Geplant 2030,Schnellladeeinrichtung,12,300,,,,,Karlsruhe,,,48.963945333333335,8.472491566666667,Hohenwettersbach,DC-hub score=80 (parking)
,DC-0003,Geplant 2030,Schnellladeeinrichtung,12,300,,,,,Karlsruhe,,,49.00539336666666,8.321205366666666,Daxlanden,DC-hub score=80 (parking)
,DC-0004,Geplant 2030,Schnellladeeinrichtung,12,300,,,,,Karlsruhe,,,49.005416499999995,8.500475,Grötzingen,DC-hub score=80 (parking)
,DC-0005,Geplant 2030,Schnellladeeinrichtung,12,300,,,,,Karlsruhe,,,49.006168,8.379845524999999,Weststadt,DC-hub score=80 (parking)
,DC-0006,Geplant 2030,Schnellladeeinrichtung,8,150,,,,,Karlsruhe,,,49.048460979999994,8.378843960000001,Neureut,DC-hub score=80 (parking)
,DC-0007,Geplant 2030,Schnellladeeinrichtung,8,150,,,,,Karlsruhe,,,48.993679225,8.336886775,Daxlanden,DC-hub score=80 (parking)
,DC-0008,Geplant 2030,Schnellladeeinrichtung,8,150,,,,,Karlsruhe,,,49.03114866666667,8.342183866666668,Knielingen,DC-hub score=80 (parking)
,DC-0009,Geplant 2030,Schnellladeeinrichtung,8,150,,,,,Karlsruhe,,,48.99708423333334,8.456608833333334,Durlach,DC-hub score=80 (fuel)
,DC-0010,Geplant 2030,Schnellladeeinrichtung,8,150,,,,,Karlsruhe,,,49.01521233333333,8.435502933333334,Oststadt,DC-hub score=80 (fuel)
,DC-0011,Geplant 2030,Schnellladeeinrichtung,8,150,,,,,Karlsruhe,,,49.03353473333334,8.395443866666668,Neureut,DC-hub score=80 (fuel)
,DC-0012,Geplant 2030,Schnellladeeinrichtung,8,150,,,,,Karlsruhe,,,48.99652625,8.360130999999999,Grünwinkel,DC-hub score=80 (fuel)
,DC-0013,Geplant 2030,Schnellladeeinrichtung,8,150,,,,,Karlsruhe,,,48.965788200000006,8.405423299999999,Rüppurr,DC-hub score=70 (fuel)
,DC-0014,Geplant 2030,Schnellladeeinrichtung,8,150,,,,,Karlsruhe,,,48.9664269,8.4043778,Rüppurr,DC-hub score=70 (fuel)
,DC-0015,Geplant 2030,Schnellladeeinrichtung,8,150,,,,,Karlsruhe,,,49.0082239,8.3267979,Mühlburg,DC-hub score=70 (fuel)
,DC-0016,Geplant 2030,Schnellladeeinrichtung,8,150,,,,,Karlsruhe,,,48.9525461,8.4709706,Grünwettersbach,DC-hub score=70 (fuel)
,DC-0017,Geplant 2030,Schnellladeeinrichtung,8,150,,,,,Karlsruhe,,,49.01137505,8.375131549999999,Weststadt,DC-hub score=70 (fuel)
,DC-0018,Geplant 2030,Schnellladeeinrichtung,8,150,,,,,Karlsruhe,,,49.033404,8.4322549,Waldstadt,DC-hub score=70 (fuel)
,DC-0019,Geplant 2030,Schnellladeeinrichtung,8,150,,,,,Karlsruhe,,,49.0054492,8.3791336,Südweststadt,DC-hub score=70 (fuel)
,DC-0020,Geplant 2030,Schnellladeeinrichtung,8,150,,,,,Karlsruhe,,,49.005525966666674,8.411993466666667,Südstadt,DC-hub score=70 (retail)
,DC-0021,Geplant 2030,Schnellladeeinrichtung,8,150,,,,,Karlsruhe,,,49.0047489,8.3872726,Südweststadt,DC-hub score=70 (fuel)
,DC-0022,Geplant 2030,Schnellladeeinrichtung,8,150,,,,,Karlsruhe,,,49.011056749999995,8.50474945,Grötzingen,DC-hub score=60 (parking)
,DC-0023,Geplant 2030,Schnellladeeinrichtung,8,150,,,,,Karlsruhe,,,49.00536303333333,8.497518133333333,Grötzingen,DC-hub score=60 (parking)
,DC-0024,Geplant 2030,Schnellladeeinrichtung,8,150,,,,,Karlsruhe,,,49.03572462,8.436297620000001,Waldstadt,DC-hub score=60 (parking)
,DC-0025,Geplant 2030,Schnellladeeinrichtung,8,150,,,,,Karlsruhe,,,48.987901,8.334304849999999,Daxlanden,DC-hub score=60 (parking)
,DC-0026,Geplant 2030,Schnellladeeinrichtung,8,150,,,,,Karlsruhe,,,49.010331900000004,8.380498866666667,Weststadt,DC-hub score=60 (parking)
,DC-0027,Geplant 2030,Schnellladeeinrichtung,8,150,,,,,Karlsruhe,,,49.00464729473684,8.411923431578947,Südstadt,DC-hub score=60 (parking)
,DC-0028,Geplant 2030,Schnellladeeinrichtung,8,150,,,,,Karlsruhe,,,49.00495947500001,8.382848975,Südweststadt,DC-hub score=60 (parking_entrance)
,DC-0029,Geplant 2030,Schnellladeeinrichtung,8,150,,,,,Karlsruhe,,,49.0311641,8.4387963,Waldstadt,DC-hub score=60 (parking)
,DC-0030,Geplant 2030,Schnellladeeinrichtung,8,150,,,,,Karlsruhe,,,49.007611499999996,8.41713715,Oststadt,DC-hub score=60 (parking)
,DC-0031,Geplant 2030,Schnellladeeinrichtung,6,150,,,,,Karlsruhe,,,49.005912349999996,8.390210866666667,Innenstadt-West,DC-hub score=60 (parking)
,DC-0032,Geplant 2030,Schnellladeeinrichtung,6,150,,,,,Karlsruhe,,,49.04268675,8.3255181,Knielingen,DC-hub score=60 (parking)
,DC-0033,Geplant 2030,Schnellladeeinrichtung,6,150,,,,,Karlsruhe,,,49.01375555,8.424509700000002,Oststadt,DC-hub score=60 (parking)
,DC-0034,Geplant 2030,Schnellladeeinrichtung,6,150,,,,,Karlsruhe,,,48.9944305,8.4432788,Durlach,DC-hub score=60 (parking)
,DC-0035,Geplant 2030,Schnellladeeinrichtung,6,150,,,,,Karlsruhe,,,49.027657899999994,8.45464548,Hagsfeld,DC-hub score=60 (parking)
