Typ,Gewichtung,Latitude,Longitude
Tankstelle,3,49.0293241,8.3705756
Tankstelle,3,49.0082239,8.3267979
Tankstelle,3,48.999332,8.428066
Tankstelle,3,48.9981832,8.3495813
Tankstelle,3,49.0202643,8.459433
Tankstelle,3,48.9575254,8.4065436
Tankstelle,3,49.0107868,8.4485883
Tankstelle,3,49.033404,8.4322549
Tankstelle,3,48.9514887,8.3716723
Tankstelle,3,49.0416826,8.3229973
Tankstelle,3,48.9903078,8.3720461
Tankstelle,3,49.0322361,8.3585838
Tankstelle,3,48.9951676,8.3896004
Tankstelle,3,48.9870633,8.3331082
Tankstelle,3,49.0359026,8.4352704
Tankstelle,3,49.0053384,8.4456015
Supermarkt,2,48.9983554,8.3597632
Carsharing,2,49.0662974,8.4701784
Carsharing,2,48.9994724,8.3345031
Supermarkt,2,49.0090043,8.4104347
Supermarkt,2,49.0070405,8.4244357
Supermarkt,2,49.0796002,8.4617685
Supermarkt,2,49.0316393,8.3937585
Carsharing,2,48.9897808,8.3631306
Supermarkt,2,48.9977425,8.4727916
Carsharing,2,49.0085376,8.3458403
Carsharing,2,49.0053437,8.4251035
Carsharing,2,48.9865171,8.376469
Carsharing,2,48.993577,8.4519538
Supermarkt,2,49.0067593,8.4079371
Carsharing,2,49.0105179,8.3789722
Supermarkt,2,48.9513908,8.3833119
Carsharing,2,49.01036,8.427183
Carsharing,2,49.0083476,8.4011054
Carsharing,2,49.035033,8.368337
Carsharing,2,48.966317,8.4806853
Supermarkt,2,48.9660271,8.4038747
Carsharing,2,49.001387,8.4614755
Carsharing,2,48.997194,8.3861588
Carsharing,2,49.0590532,8.521889
Carsharing,2,49.0803318,8.3923101
Supermarkt,2,48.9526246,8.381388
Supermarkt,2,49.0538697,8.3923344
Supermarkt,2,49.0095109,8.4387374
Carsharing,2,49.0058853,8.3837014
Supermarkt,2,49.067793,8.3991973
Carsharing,2,49.0030059,8.3873588
Carsharing,2,49.0074286,8.4942713
Carsharing,2,49.0000366,8.4087685
Carsharing,2,48.9848612,8.3907992
Carsharing,2,48.992917,8.4615
Carsharing,2,49.0210516,8.3712355
Carsharing,2,49.0048536,8.3874366
Carsharing,2,49.006497,8.495739
Supermarkt,2,49.0211142,8.3543115
Carsharing,2,49.0082107,8.4295277
Carsharing,2,49.0150464,8.3576395
Carsharing,2,48.9982576,8.3419725
Carsharing,2,49.0121104,8.3849848
Carsharing,2,48.9931436,8.3896681
Carsharing,2,49.0476781,8.4716003
Carsharing,2,49.0340033,8.4439983
Supermarkt,2,49.0117426,8.3613534
Carsharing,2,49.0146092,8.4939341
Carsharing,2,49.0855619,8.4022862
Carsharing,2,49.0119431,8.4467657
Carsharing,2,48.9743163,8.4046212
Supermarkt,2,48.9978647,8.3480052
Carsharing,2,49.0050903,8.3681769
Carsharing,2,48.986885,8.390971
Carsharing,2,49.0044229,8.4238172
Supermarkt,2,48.9932753,8.3852088
Carsharing,2,49.0003755,8.4048283
Carsharing,2,49.0657396,8.4648103
Supermarkt,2,49.0078575,8.3771844
Carsharing,2,48.9944555,8.4585112
Carsharing,2,49.0030003,8.3361016
Supermarkt,2,49.0050924,8.3943539
Carsharing,2,48.9953141,8.3900428
Carsharing,2,49.004498,8.3832226
Carsharing,2,49.0513835,8.3863233
Carsharing,2,49.031114,8.3927306
Carsharing,2,48.9973056,8.462302
Carsharing,2,49.0059261,8.4935822
Carsharing,2,48.9929993,8.4028211
Supermarkt,2,49.0091438,8.377309
Carsharing,2,48.9930815,8.4028328
Supermarkt,2,49.0319468,8.3938771
Supermarkt,2,49.0117356,8.3590643
Supermarkt,2,49.0589603,8.4677266
Carsharing,2,49.0140072,8.4199732
Carsharing,2,48.988221,8.398091
Supermarkt,2,49.0199545,8.3852197
Carsharing,2,48.999838,8.4726933
Carsharing,2,48.996452,8.334001
Carsharing,2,49.0088159,8.4078569
Carsharing,2,49.051816,8.5302969
Carsharing,2,48.9999726,8.4152377
Carsharing,2,48.998416,8.4041298
Supermarkt,2,48.9999112,8.3387393
Carsharing,2,49.0010449,8.3650689
Carsharing,2,49.053847,8.3935815
Supermarkt,2,49.0099674,8.3923058
Carsharing,2,49.0422697,8.4444684
Carsharing,2,48.9968719,8.4725516
Supermarkt,2,49.0100512,8.3909685
Carsharing,2,49.0365289,8.4333567
Carsharing,2,49.0032546,8.3962205
Carsharing,2,49.008713,8.4239047
Carsharing,2,49.0050674,8.3233881
Carsharing,2,49.0161493,8.3969994
Carsharing,2,49.019307,8.4397825
Carsharing,2,49.0089673,8.4097042
Carsharing,2,48.9929861,8.4517425
Supermarkt,2,48.9970219,8.3606633
Carsharing,2,49.0114563,8.3828641
Carsharing,2,49.0117454,8.3765077
Supermarkt,2,48.9953859,8.3885949
Carsharing,2,49.0180328,8.3811326
Carsharing,2,49.0071476,8.5031607
Supermarkt,2,49.0090353,8.3739029
Supermarkt,2,49.0334095,8.4332286
Bushaltestelle,1,48.9922184,8.3689206
Bushaltestelle,1,49.0365541,8.3428736
Bushaltestelle,1,49.0384403,8.3696836
Bushaltestelle,1,49.0032235,8.4925721
Bushaltestelle,1,48.9994116,8.3807887
Bushaltestelle,1,49.0075206,8.3443278
Bushaltestelle,1,49.0282768,8.4558367
Bushaltestelle,1,49.0379196,8.3392897
Bushaltestelle,1,48.951209,8.5033391
Bushaltestelle,1,49.0663051,8.4651312
Bushaltestelle,1,49.0469831,8.3709418
Bushaltestelle,1,49.0775221,8.461568
Bushaltestelle,1,49.017554,8.439635
Bushaltestelle,1,49.0219013,8.3604515
Bushaltestelle,1,49.0029098,8.4976565
Bushaltestelle,1,49.0538267,8.5370875
Bushaltestelle,1,48.9535104,8.3801273
Bushaltestelle,1,49.02214,8.360557
Bushaltestelle,1,49.0109239,8.3580893
Bushaltestelle,1,48.9814315,8.3283785
Bushaltestelle,1,49.0298945,8.3939148
Bushaltestelle,1,49.0211379,8.4682571
Bushaltestelle,1,48.994645,8.3825994
Bushaltestelle,1,48.9703096,8.4162141
Bushaltestelle,1,49.020063,8.3643434
Bushaltestelle,1,49.0162129,8.3343645
Bushaltestelle,1,49.0061591,8.4934188
Bushaltestelle,1,48.99233,8.473297
Bushaltestelle,1,49.0100638,8.4180396
Bushaltestelle,1,48.9906065,8.3848586
Bushaltestelle,1,49.0025452,8.483181
Bushaltestelle,1,49.0577511,8.5215322
Bushaltestelle,1,49.0340354,8.4738927
Bushaltestelle,1,48.9540233,8.5081282
Bushaltestelle,1,49.0356054,8.3855046
Bushaltestelle,1,49.0269594,8.4543508
Bushaltestelle,1,48.9581464,8.4298011
Bushaltestelle,1,49.0352803,8.3859211
Bushaltestelle,1,48.9927504,8.4487901
Bushaltestelle,1,48.9986441,8.3890133
Bushaltestelle,1,49.0237661,8.4630416
Bushaltestelle,1,49.0282438,8.4559142
Bushaltestelle,1,48.9656802,8.4044163
Bushaltestelle,1,49.0368262,8.3740403
Bushaltestelle,1,48.9571149,8.3780561
Bushaltestelle,1,49.0033818,8.5024974
Bushaltestelle,1,48.9884396,8.4530172
Bushaltestelle,1,49.020705,8.4780978
Bushaltestelle,1,49.0292669,8.4571278
Bushaltestelle,1,48.9967246,8.4323658
Bushaltestelle,1,49.0029599,8.5357295
Bushaltestelle,1,49.0327379,8.3649399
Bushaltestelle,1,48.9945141,8.3997656
Bushaltestelle,1,49.0453921,8.447647
Bushaltestelle,1,49.010407,8.41811
Bushaltestelle,1,48.9676432,8.3049691
Bushaltestelle,1,48.9839807,8.3959509
Bushaltestelle,1,49.0507988,8.5474025
Bushaltestelle,1,48.9899479,8.3844213
Bushaltestelle,1,49.0534553,8.3999537
Bushaltestelle,1,49.0035549,8.5270106
Bushaltestelle,1,48.9921898,8.4865808
Bushaltestelle,1,49.0885881,8.4810853
Bushaltestelle,1,49.0212554,8.4582385
Bushaltestelle,1,49.0131804,8.4282563
Bushaltestelle,1,49.066227,8.5138109
Bushaltestelle,1,49.0265684,8.3858561
Bushaltestelle,1,48.9911468,8.455277
Bushaltestelle,1,49.0333354,8.3948815
Bushaltestelle,1,49.0473651,8.3964045
Bushaltestelle,1,48.9843354,8.3987099
Bushaltestelle,1,48.985766,8.4591611
Bushaltestelle,1,49.0155142,8.4222211
Bushaltestelle,1,48.9858979,8.3774475
Bushaltestelle,1,49.0006227,8.3660777
Bushaltestelle,1,48.9847764,8.5451757
Bushaltestelle,1,48.9672392,8.5044033
Bushaltestelle,1,48.9915504,8.4528333
Bushaltestelle,1,49.024304,8.3754451
Bushaltestelle,1,49.0244815,8.4614191
Bushaltestelle,1,49.0023884,8.4832099
Bushaltestelle,1,48.9768824,8.3358715
Bushaltestelle,1,48.9823498,8.3682212
Bushaltestelle,1,48.9834055,8.3652168
Bushaltestelle,1,48.9963375,8.3481725
Bushaltestelle,1,49.0017162,8.5290187
Bushaltestelle,1,49.0009257,8.3122311
Bushaltestelle,1,48.9990191,8.4745105
Bushaltestelle,1,49.0452871,8.4479138
Bushaltestelle,1,49.0554967,8.5306646
Bushaltestelle,1,48.9687699,8.4145362
Bushaltestelle,1,49.0017846,8.3367969
Bushaltestelle,1,48.9997094,8.3343421
Bushaltestelle,1,48.9925145,8.448399
Bushaltestelle,1,49.0271448,8.3654877
Bushaltestelle,1,49.0020397,8.3429528
Bushaltestelle,1,48.9733177,8.4736092
Bushaltestelle,1,49.0269487,8.3864394
Bushaltestelle,1,49.03485,8.3404457
Bushaltestelle,1,48.9740402,8.4531351
Bushaltestelle,1,48.9520589,8.5116036
Bushaltestelle,1,49.0024616,8.4348305
Bushaltestelle,1,48.9947838,8.4821966
Bushaltestelle,1,49.0056269,8.4956645
Bushaltestelle,1,48.9710291,8.5489267
Bushaltestelle,1,49.0455689,8.3816439
Bushaltestelle,1,49.0055673,8.3777173
Bushaltestelle,1,49.0432904,8.4604691
Bushaltestelle,1,49.0037152,8.4230356
Bushaltestelle,1,48.965334,8.472131
Bushaltestelle,1,49.000602,8.3660243
Bushaltestelle,1,48.9500403,8.4063514
Bushaltestelle,1,48.9945076,8.3514733
Bushaltestelle,1,49.0352901,8.3363408
Bushaltestelle,1,48.9916632,8.4011534
Bushaltestelle,1,49.0202515,8.3650456
Bushaltestelle,1,48.9886818,8.4913332
Bushaltestelle,1,49.010909,8.359608
Bushaltestelle,1,49.0001864,8.4779023
Bushaltestelle,1,49.0404147,8.3928477
Bushaltestelle,1,48.9517846,8.4051917
Bushaltestelle,1,48.9956169,8.4501192
Bushaltestelle,1,49.0319314,8.4421121
Bushaltestelle,1,49.0106517,8.3594905
Bushaltestelle,1,48.9967109,8.3484938
Bushaltestelle,1,48.97415,8.4640651
Bushaltestelle,1,49.0188877,8.4670148
Bushaltestelle,1,48.9539468,8.5078181
